commodity_label,commodity_name,feature,coefficient,abs_coefficient
Gold,GOLD 100 OZ,us_10y_level,0.00932311935026837,0.00932311935026837
Gold,GOLD 100 OZ,easi_global_level,0.007533006884929345,0.007533006884929345
Gold,GOLD 100 OZ,commodity_market_vol_60d,0.00734424541764612,0.00734424541764612
Gold,GOLD 100 OZ,global_10y_level,0.007316623609817384,0.007316623609817384
Gold,GOLD 100 OZ,own_ret_21d,-0.007092216486007859,0.007092216486007859
Gold,GOLD 100 OZ,us_3m_rate_level,0.005871935417923654,0.005871935417923654
Gold,GOLD 100 OZ,own_realised_vol_21d,-0.005611023454358134,0.005611023454358134
Gold,GOLD 100 OZ,imm_positioning_chg_21d,0.0055857722692146065,0.0055857722692146065
Gold,GOLD 100 OZ,aux_XAU_CURNCY_ret_21d,-0.0055372698836577685,0.0055372698836577685
Gold,GOLD 100 OZ,fx_atm_vol_chg_21d,-0.005411110313716545,0.005411110313716545
Gold,GOLD 100 OZ,easi_global_chg_21d,0.005356468836981514,0.005356468836981514
Gold,GOLD 100 OZ,aux_CO1_COMDTY_vol_21d,0.004994683411406752,0.004994683411406752
Gold,GOLD 100 OZ,aux_XAU_CURNCY_vol_21d,-0.004938944315596547,0.004938944315596547
Gold,GOLD 100 OZ,own_realised_vol_60d,-0.004911707653040935,0.004911707653040935
Gold,GOLD 100 OZ,fx_atm_vol_level,0.0040058638541902525,0.0040058638541902525
Gold,GOLD 100 OZ,commodity_market_ret_63d,-0.003908071470387373,0.003908071470387373
Gold,GOLD 100 OZ,us_10y_chg_21d,-0.0038860472285470057,0.0038860472285470057
Gold,GOLD 100 OZ,own_ret_63d,-0.0035839786028173063,0.0035839786028173063
Gold,GOLD 100 OZ,own_ret_5d,-0.0026761832189498495,0.0026761832189498495
Gold,GOLD 100 OZ,eur_1m_forward_chg_21d,-0.0024870531241414067,0.0024870531241414067
Gold,GOLD 100 OZ,imm_positioning_level,0.0024843130049991315,0.0024843130049991315
Gold,GOLD 100 OZ,eur_1m_forward_level,-0.0021499631813182624,0.0021499631813182624
Gold,GOLD 100 OZ,spx_realised_vol_60d,0.0018263721842296037,0.0018263721842296037
Gold,GOLD 100 OZ,usd_strength_ret_21d,0.0015489635473063422,0.0015489635473063422
Gold,GOLD 100 OZ,commodity_fx_strength_ret_21d,-0.0014470333228406935,0.0014470333228406935
Gold,GOLD 100 OZ,credit_hy_minus_ig,0.0014050301804750841,0.0014050301804750841
Gold,GOLD 100 OZ,credit_ig_level,-0.0013964849459890648,0.0013964849459890648
Gold,GOLD 100 OZ,own_vol_ratio_21d_60d,-0.001259798090655884,0.001259798090655884
Gold,GOLD 100 OZ,commodity_market_ret_21d,0.0011835481735705598,0.0011835481735705598
Gold,GOLD 100 OZ,spx_realised_vol_21d,0.0011346465138380303,0.0011346465138380303
Gold,GOLD 100 OZ,aux_CO1_COMDTY_ret_21d,-0.0011013700314334517,0.0011013700314334517
Gold,GOLD 100 OZ,global_10y_chg_21d,-0.0010334242870149513,0.0010334242870149513
Gold,GOLD 100 OZ,credit_hy_level,0.0009655445424378908,0.0009655445424378908
Gold,GOLD 100 OZ,own_drawdown_from_252d_high,0.0009369764934846262,0.0009369764934846262
Gold,GOLD 100 OZ,credit_ig_chg_21d,-0.0008302787094962693,0.0008302787094962693
Gold,GOLD 100 OZ,credit_hy_chg_21d,-0.0007594032554202781,0.0007594032554202781
Gold,GOLD 100 OZ,fx_rr_level,-0.0006479437974137813,0.0006479437974137813
Gold,GOLD 100 OZ,fx_rr_chg_21d,0.0004564512902107929,0.0004564512902107929
Gold,GOLD 100 OZ,us_curve_10y_minus_3m,-0.00024008793247611091,0.00024008793247611091
Gold,GOLD 100 OZ,global_equity_ret_21d,0.00019974521212521237,0.00019974521212521237
Gold,GOLD 100 OZ,em_fx_stress_ret_21d,-0.00019510160976355393,0.00019510160976355393
Gold,GOLD 100 OZ,own_ret_252d,-0.00013964438017705208,0.00013964438017705208
Gold,GOLD 100 OZ,own_drawdown_from_63d_high,-0.00012780561375333566,0.00012780561375333566
Silver,SILVER,easi_global_level,0.008792412674421542,0.008792412674421542
Silver,SILVER,eur_1m_forward_level,-0.007788428073419013,0.007788428073419013
Silver,SILVER,us_10y_level,0.0076386798984739174,0.0076386798984739174
Silver,SILVER,commodity_market_vol_60d,0.00751781985176588,0.00751781985176588
Silver,SILVER,aux_CO1_COMDTY_vol_21d,0.007240385888232287,0.007240385888232287
Silver,SILVER,fx_atm_vol_chg_21d,-0.007064763582027598,0.007064763582027598
Silver,SILVER,global_10y_level,0.006410988297871412,0.006410988297871412
Silver,SILVER,commodity_market_ret_63d,0.006223344466714714,0.006223344466714714
Silver,SILVER,fx_atm_vol_level,0.0060801113387486515,0.0060801113387486515
Silver,SILVER,own_ret_63d,-0.005365483731814335,0.005365483731814335
Silver,SILVER,aux_XAU_CURNCY_ret_21d,-0.004794994741269216,0.004794994741269216
Silver,SILVER,imm_positioning_chg_21d,0.004668310771903145,0.004668310771903145
Silver,SILVER,commodity_market_ret_21d,0.0045321266444998615,0.0045321266444998615
Silver,SILVER,us_10y_chg_21d,-0.004467751911707522,0.004467751911707522
Silver,SILVER,own_vol_ratio_21d_60d,0.004325872363795736,0.004325872363795736
Silver,SILVER,credit_ig_chg_21d,-0.0039491279459476485,0.0039491279459476485
Silver,SILVER,own_drawdown_from_252d_high,0.0038211018018022365,0.0038211018018022365
Silver,SILVER,us_3m_rate_level,0.0036279986824151694,0.0036279986824151694
Silver,SILVER,imm_positioning_level,0.003538730564922577,0.003538730564922577
Silver,SILVER,own_ret_21d,-0.003228604815740373,0.003228604815740373
Silver,SILVER,own_ret_252d,-0.0029332497003842902,0.0029332497003842902
Silver,SILVER,commodity_fx_strength_ret_21d,-0.002825979317084837,0.002825979317084837
Silver,SILVER,spx_realised_vol_60d,0.0020519809427665377,0.0020519809427665377
Silver,SILVER,own_ret_5d,-0.0020189074394240973,0.0020189074394240973
Silver,SILVER,easi_global_chg_21d,0.001967882141716859,0.001967882141716859
Silver,SILVER,global_10y_chg_21d,-0.0016088043067829752,0.0016088043067829752
Silver,SILVER,own_realised_vol_21d,-0.0015186676362496452,0.0015186676362496452
Silver,SILVER,fx_rr_level,-0.0014960669711442786,0.0014960669711442786
Silver,SILVER,us_curve_10y_minus_3m,0.001488739900860973,0.001488739900860973
Silver,SILVER,own_drawdown_from_63d_high,0.0012169712424474524,0.0012169712424474524
Silver,SILVER,own_realised_vol_60d,-0.0011810679557651025,0.0011810679557651025
Silver,SILVER,usd_strength_ret_21d,0.0010741623526032292,0.0010741623526032292
Silver,SILVER,spx_realised_vol_21d,-0.0010103308034765132,0.0010103308034765132
Silver,SILVER,credit_hy_chg_21d,0.0009380956817082802,0.0009380956817082802
Silver,SILVER,global_equity_ret_21d,0.0008953487104812252,0.0008953487104812252
Silver,SILVER,credit_hy_level,-0.0008204549888256389,0.0008204549888256389
Silver,SILVER,em_fx_stress_ret_21d,-0.0006633742694473434,0.0006633742694473434
Silver,SILVER,aux_XAU_CURNCY_vol_21d,-0.0005674928379260956,0.0005674928379260956
Silver,SILVER,aux_CO1_COMDTY_ret_21d,0.00039649168973067395,0.00039649168973067395
Silver,SILVER,fx_rr_chg_21d,-0.0002917992662918332,0.0002917992662918332
Silver,SILVER,eur_1m_forward_chg_21d,0.00028375986554588206,0.00028375986554588206
Silver,SILVER,credit_hy_minus_ig,-0.00026763431526309356,0.00026763431526309356
Silver,SILVER,credit_ig_level,0.0002449886544630926,0.0002449886544630926
Brent_Crude,BRENT CRUDE,imm_positioning_level,0.019041033748583926,0.019041033748583926
Brent_Crude,BRENT CRUDE,commodity_market_ret_63d,0.011898188598211182,0.011898188598211182
Brent_Crude,BRENT CRUDE,fx_atm_vol_chg_21d,-0.00808663546647953,0.00808663546647953
Brent_Crude,BRENT CRUDE,own_realised_vol_60d,0.007722104065255067,0.007722104065255067
Brent_Crude,BRENT CRUDE,fx_rr_level,-0.007320290303573543,0.007320290303573543
Brent_Crude,BRENT CRUDE,own_drawdown_from_63d_high,0.00724462170368649,0.00724462170368649
Brent_Crude,BRENT CRUDE,easi_global_chg_21d,-0.005643318481425438,0.005643318481425438
Brent_Crude,BRENT CRUDE,own_realised_vol_21d,0.0055113380416806634,0.0055113380416806634
Brent_Crude,BRENT CRUDE,credit_ig_chg_21d,-0.005458758451020936,0.005458758451020936
Brent_Crude,BRENT CRUDE,credit_ig_level,0.005324446715820883,0.005324446715820883
Brent_Crude,BRENT CRUDE,credit_hy_minus_ig,-0.005090265761597026,0.005090265761597026
Brent_Crude,BRENT CRUDE,global_equity_ret_21d,0.004972856381741907,0.004972856381741907
Brent_Crude,BRENT CRUDE,eur_1m_forward_chg_21d,0.004952591345503458,0.004952591345503458
Brent_Crude,BRENT CRUDE,aux_CO1_COMDTY_vol_21d,0.004728532097901146,0.004728532097901146
Brent_Crude,BRENT CRUDE,credit_hy_chg_21d,0.0045792340853588655,0.0045792340853588655
Brent_Crude,BRENT CRUDE,aux_XAU_CURNCY_vol_21d,-0.004384728961709361,0.004384728961709361
Brent_Crude,BRENT CRUDE,easi_global_level,0.004263613391948984,0.004263613391948984
Brent_Crude,BRENT CRUDE,global_10y_level,0.004251770987736623,0.004251770987736623
Brent_Crude,BRENT CRUDE,credit_hy_level,-0.004187684117908624,0.004187684117908624
Brent_Crude,BRENT CRUDE,global_10y_chg_21d,0.003798389816226054,0.003798389816226054
Brent_Crude,BRENT CRUDE,own_drawdown_from_252d_high,0.0033897282096742387,0.0033897282096742387
Brent_Crude,BRENT CRUDE,own_ret_21d,0.00314779395409811,0.00314779395409811
Brent_Crude,BRENT CRUDE,own_vol_ratio_21d_60d,-0.0028765373636102983,0.0028765373636102983
Brent_Crude,BRENT CRUDE,imm_positioning_chg_21d,0.0027643539034771705,0.0027643539034771705
Brent_Crude,BRENT CRUDE,fx_rr_chg_21d,-0.0024916367263687314,0.0024916367263687314
Brent_Crude,BRENT CRUDE,own_ret_252d,0.002208577084383176,0.002208577084383176
Brent_Crude,BRENT CRUDE,aux_XAU_CURNCY_ret_21d,-0.0021806534537456746,0.0021806534537456746
Brent_Crude,BRENT CRUDE,own_ret_63d,0.001992039614379768,0.001992039614379768
Brent_Crude,BRENT CRUDE,us_10y_chg_21d,-0.001865006007467915,0.001865006007467915
Brent_Crude,BRENT CRUDE,commodity_market_vol_60d,0.0018237602809789294,0.0018237602809789294
Brent_Crude,BRENT CRUDE,commodity_market_ret_21d,0.001784456168046086,0.001784456168046086
Brent_Crude,BRENT CRUDE,aux_CO1_COMDTY_ret_21d,0.0017589099994529723,0.0017589099994529723
Brent_Crude,BRENT CRUDE,fx_atm_vol_level,0.0015261318413267969,0.0015261318413267969
Brent_Crude,BRENT CRUDE,spx_realised_vol_60d,0.001512167756602594,0.001512167756602594
Brent_Crude,BRENT CRUDE,spx_realised_vol_21d,-0.0014642097073883499,0.0014642097073883499
Brent_Crude,BRENT CRUDE,usd_strength_ret_21d,-0.0013327873009731537,0.0013327873009731537
Brent_Crude,BRENT CRUDE,eur_1m_forward_level,-0.0012077326965505655,0.0012077326965505655
Brent_Crude,BRENT CRUDE,us_10y_level,0.0011321885570260146,0.0011321885570260146
Brent_Crude,BRENT CRUDE,us_3m_rate_level,0.001096131821272734,0.001096131821272734
Brent_Crude,BRENT CRUDE,em_fx_stress_ret_21d,0.0010854077203345986,0.0010854077203345986
Brent_Crude,BRENT CRUDE,own_ret_5d,0.000881935454331062,0.000881935454331062
Brent_Crude,BRENT CRUDE,us_curve_10y_minus_3m,-0.0005748826295990342,0.0005748826295990342
Brent_Crude,BRENT CRUDE,commodity_fx_strength_ret_21d,0.0004652149739251232,0.0004652149739251232
Natural_Gas,NATURAL GAS,easi_global_level,0.014087304495404861,0.014087304495404861
Natural_Gas,NATURAL GAS,own_ret_252d,-0.007846026058217739,0.007846026058217739
Natural_Gas,NATURAL GAS,own_realised_vol_21d,-0.007519819958179293,0.007519819958179293
Natural_Gas,NATURAL GAS,commodity_market_vol_60d,-0.007462712532178766,0.007462712532178766
Natural_Gas,NATURAL GAS,imm_positioning_chg_21d,-0.007152676496323475,0.007152676496323475
Natural_Gas,NATURAL GAS,aux_XAU_CURNCY_vol_21d,-0.006806991211149132,0.006806991211149132
Natural_Gas,NATURAL GAS,fx_rr_level,-0.006527935008858099,0.006527935008858099
Natural_Gas,NATURAL GAS,aux_CO1_COMDTY_ret_21d,-0.006066853832728394,0.006066853832728394
Natural_Gas,NATURAL GAS,own_realised_vol_60d,-0.005918400688697946,0.005918400688697946
Natural_Gas,NATURAL GAS,own_ret_21d,-0.005883313843602946,0.005883313843602946
Natural_Gas,NATURAL GAS,aux_CO1_COMDTY_vol_21d,-0.005207732039833866,0.005207732039833866
Natural_Gas,NATURAL GAS,spx_realised_vol_60d,-0.00468713293785941,0.00468713293785941
Natural_Gas,NATURAL GAS,credit_hy_minus_ig,0.004402752187275716,0.004402752187275716
Natural_Gas,NATURAL GAS,credit_hy_level,0.0043969748349322706,0.0043969748349322706
Natural_Gas,NATURAL GAS,credit_ig_level,-0.004385157674168144,0.004385157674168144
Natural_Gas,NATURAL GAS,aux_XAU_CURNCY_ret_21d,0.004062177277010494,0.004062177277010494
Natural_Gas,NATURAL GAS,global_10y_chg_21d,0.004032463830921675,0.004032463830921675
Natural_Gas,NATURAL GAS,commodity_fx_strength_ret_21d,-0.003888498745303883,0.003888498745303883
Natural_Gas,NATURAL GAS,usd_strength_ret_21d,0.003878780090553625,0.003878780090553625
Natural_Gas,NATURAL GAS,commodity_market_ret_21d,-0.003474348200617246,0.003474348200617246
Natural_Gas,NATURAL GAS,imm_positioning_level,0.0033272023638963462,0.0033272023638963462
Natural_Gas,NATURAL GAS,eur_1m_forward_chg_21d,-0.003266826674360532,0.003266826674360532
Natural_Gas,NATURAL GAS,own_drawdown_from_63d_high,-0.0032657409529404068,0.0032657409529404068
Natural_Gas,NATURAL GAS,eur_1m_forward_level,-0.003057131191967198,0.003057131191967198
Natural_Gas,NATURAL GAS,commodity_market_ret_63d,0.0030061206679543894,0.0030061206679543894
Natural_Gas,NATURAL GAS,em_fx_stress_ret_21d,0.0028005110523238405,0.0028005110523238405
Natural_Gas,NATURAL GAS,credit_ig_chg_21d,0.0023056199342743264,0.0023056199342743264
Natural_Gas,NATURAL GAS,spx_realised_vol_21d,-0.001828647402185154,0.001828647402185154
Natural_Gas,NATURAL GAS,own_ret_63d,-0.0017525302297110691,0.0017525302297110691
Natural_Gas,NATURAL GAS,own_ret_5d,-0.00163596915251476,0.00163596915251476
Natural_Gas,NATURAL GAS,fx_atm_vol_level,-0.0013763779181249437,0.0013763779181249437
Natural_Gas,NATURAL GAS,global_10y_level,-0.0013562026854200375,0.0013562026854200375
Natural_Gas,NATURAL GAS,own_drawdown_from_252d_high,0.0010623190987207225,0.0010623190987207225
Natural_Gas,NATURAL GAS,fx_rr_chg_21d,0.001025194922355123,0.001025194922355123
Natural_Gas,NATURAL GAS,global_equity_ret_21d,0.0010222815236926766,0.0010222815236926766
Natural_Gas,NATURAL GAS,fx_atm_vol_chg_21d,-0.0006809724432961403,0.0006809724432961403
Natural_Gas,NATURAL GAS,us_10y_level,0.0004628248529767871,0.0004628248529767871
Natural_Gas,NATURAL GAS,us_10y_chg_21d,-0.00038104144508836535,0.00038104144508836535
Natural_Gas,NATURAL GAS,easi_global_chg_21d,-0.0003400489671192202,0.0003400489671192202
Natural_Gas,NATURAL GAS,us_3m_rate_level,0.0003129218092137631,0.0003129218092137631
Natural_Gas,NATURAL GAS,credit_hy_chg_21d,-9.30235400416314e-05,9.30235400416314e-05
Natural_Gas,NATURAL GAS,us_curve_10y_minus_3m,-4.243970674813211e-05,4.243970674813211e-05
Natural_Gas,NATURAL GAS,own_vol_ratio_21d_60d,1.0032646029068724e-05,1.0032646029068724e-05
