fast_window,slow_window,slope_lookback,bb_std,vol_window,Ann. Return %,Ann. Vol %,Sharpe,Max DD %,Calmar,Hit Rate,Skewness
75,150,63,2.5,21,15.24,24.11,0.632,-45.65,0.334,0.398,-0.073
75,150,63,2.5,84,15.26,24.19,0.631,-45.29,0.337,0.399,-0.068
75,150,63,2.5,63,15.22,24.17,0.63,-45.26,0.336,0.399,-0.069
75,150,63,2.2,84,14.29,23.18,0.616,-35.69,0.4,0.361,0.082
75,150,63,2.2,63,14.26,23.17,0.615,-35.77,0.399,0.36,0.082
75,150,63,2.2,21,14.15,23.14,0.612,-36.23,0.391,0.36,0.08
30,150,63,2.2,21,13.39,22.57,0.593,-43.41,0.308,0.399,0.21
30,150,63,2.2,63,13.35,22.58,0.591,-43.39,0.308,0.399,0.216
30,150,63,2.2,84,13.35,22.58,0.591,-43.5,0.307,0.399,0.217
30,150,63,2.5,21,12.87,22.23,0.579,-34.73,0.371,0.417,0.092
30,150,63,2.5,84,12.61,22.29,0.566,-34.67,0.364,0.419,0.1
30,150,63,2.5,63,12.6,22.28,0.566,-34.73,0.363,0.418,0.099
20,200,10,1.5,21,11.53,20.84,0.553,-35.73,0.323,0.368,0.334
20,200,10,1.5,84,11.46,20.84,0.55,-35.76,0.32,0.369,0.34
20,200,10,1.5,63,11.45,20.84,0.549,-35.83,0.32,0.369,0.339
30,200,63,2.5,21,10.46,19.68,0.531,-40.06,0.261,0.401,-0.054
30,200,63,2.5,63,10.2,19.75,0.517,-39.83,0.256,0.401,-0.049
30,200,63,2.5,84,10.19,19.78,0.515,-39.49,0.258,0.402,-0.047
30,200,10,2.5,21,10.65,21.2,0.503,-38.4,0.277,0.423,-0.138
30,200,10,2.5,84,10.6,21.22,0.5,-37.71,0.281,0.425,-0.135
30,200,10,2.5,63,10.53,21.21,0.497,-37.94,0.278,0.425,-0.136
75,200,10,2.5,21,11.24,22.62,0.497,-41.29,0.272,0.409,-0.115
75,200,10,2.5,84,11.22,22.71,0.494,-41.78,0.269,0.405,-0.108
75,200,10,2.5,63,11.22,22.69,0.494,-41.63,0.27,0.406,-0.111
75,200,63,2.5,21,10.26,20.91,0.491,-47.12,0.218,0.368,0.126
50,150,63,2.2,21,10.95,22.56,0.485,-44.77,0.245,0.365,0.179
75,200,63,2.5,63,10.15,21.0,0.483,-47.19,0.215,0.368,0.127
75,200,63,2.5,84,10.13,21.03,0.482,-47.31,0.214,0.369,0.128
30,200,21,1.5,21,9.78,20.32,0.481,-36.52,0.268,0.32,0.424
50,150,63,2.2,63,10.84,22.57,0.48,-45.38,0.239,0.364,0.187
30,200,21,1.5,63,9.75,20.32,0.48,-36.43,0.268,0.32,0.425
50,150,63,2.2,84,10.83,22.58,0.479,-45.52,0.238,0.364,0.188
30,200,21,1.5,84,9.73,20.32,0.479,-36.51,0.267,0.32,0.425
50,200,63,2.5,21,9.89,21.11,0.469,-44.02,0.225,0.377,0.119
75,200,21,2.5,84,10.37,22.59,0.459,-53.05,0.195,0.385,-0.146
75,200,21,2.5,63,10.35,22.56,0.459,-53.23,0.194,0.385,-0.147
75,200,21,2.5,21,10.29,22.49,0.458,-53.31,0.193,0.386,-0.15
50,200,63,2.5,63,9.65,21.17,0.456,-44.6,0.216,0.377,0.123
50,200,63,2.5,84,9.64,21.19,0.455,-44.81,0.215,0.377,0.125
30,200,10,2.2,21,9.09,21.43,0.424,-49.2,0.185,0.406,-0.1
50,150,21,2.5,21,9.5,22.46,0.423,-35.27,0.269,0.426,-0.049
75,150,21,2.5,21,9.88,23.52,0.42,-46.79,0.211,0.422,-0.014
30,200,10,1.5,63,8.77,20.95,0.419,-45.33,0.193,0.35,0.212
30,200,10,1.5,84,8.78,20.95,0.419,-45.44,0.193,0.351,0.214
30,200,10,1.5,21,8.74,20.95,0.417,-44.95,0.194,0.349,0.206
30,200,10,2.2,63,8.88,21.4,0.415,-49.03,0.181,0.407,-0.093
30,200,10,2.2,84,8.86,21.39,0.414,-48.91,0.181,0.406,-0.091
50,150,21,2.5,63,9.29,22.45,0.414,-35.45,0.262,0.424,-0.049
75,150,10,2.5,21,9.5,22.98,0.413,-32.55,0.292,0.439,0.011
50,150,21,2.5,84,9.26,22.46,0.412,-35.59,0.26,0.425,-0.05
50,150,63,2.5,21,9.46,23.34,0.405,-40.31,0.235,0.397,-0.187
75,150,21,2.5,63,9.49,23.58,0.402,-46.5,0.204,0.422,-0.014
50,150,63,2.5,84,9.38,23.41,0.401,-40.05,0.234,0.398,-0.177
50,150,63,2.5,63,9.36,23.39,0.4,-40.14,0.233,0.397,-0.178
75,150,21,2.5,84,9.43,23.6,0.399,-46.46,0.203,0.42,-0.014
75,150,10,2.5,63,9.2,23.06,0.399,-33.48,0.275,0.436,0.008
75,150,10,2.5,84,9.17,23.08,0.397,-33.65,0.273,0.435,0.007
30,150,10,2.5,84,8.44,21.37,0.395,-30.94,0.273,0.451,-0.077
75,200,21,1.5,21,7.95,20.18,0.394,-59.65,0.133,0.279,0.323
75,200,21,1.5,63,7.96,20.18,0.394,-59.87,0.133,0.279,0.326
75,200,21,1.5,84,7.93,20.18,0.393,-59.97,0.132,0.279,0.325
20,200,21,1.5,21,8.08,20.71,0.39,-33.2,0.243,0.342,0.364
20,200,21,1.5,63,8.06,20.7,0.39,-32.84,0.245,0.341,0.364
30,150,10,2.5,63,8.32,21.36,0.389,-31.08,0.268,0.449,-0.077
20,200,21,1.5,84,8.05,20.7,0.389,-32.91,0.245,0.341,0.364
75,100,10,2.2,84,8.39,21.73,0.386,-43.19,0.194,0.463,0.083
30,150,10,2.5,21,8.2,21.31,0.385,-31.94,0.257,0.45,-0.082
75,100,10,2.2,21,8.37,21.74,0.385,-42.79,0.196,0.463,0.083
75,100,10,2.2,63,8.35,21.73,0.384,-43.2,0.193,0.464,0.083
75,150,63,1.8,21,7.96,20.84,0.382,-36.37,0.219,0.292,0.329
75,150,63,1.8,84,7.96,20.86,0.382,-37.17,0.214,0.292,0.328
75,150,63,1.8,63,7.95,20.85,0.381,-37.03,0.215,0.293,0.328
30,200,10,1.8,21,7.68,21.0,0.366,-43.9,0.175,0.378,0.15
30,200,10,1.8,63,7.58,21.0,0.361,-44.53,0.17,0.379,0.154
50,200,63,2.2,21,7.55,21.03,0.359,-50.17,0.15,0.337,0.259
30,200,10,1.8,84,7.54,21.0,0.359,-44.76,0.168,0.378,0.155
30,150,63,1.8,21,7.61,21.24,0.358,-51.65,0.147,0.338,0.407
30,150,63,1.8,63,7.56,21.24,0.356,-51.29,0.147,0.338,0.405
30,150,63,1.8,84,7.54,21.24,0.355,-51.21,0.147,0.338,0.404
50,200,63,2.2,84,7.42,21.08,0.352,-50.42,0.147,0.335,0.266
50,200,63,2.2,63,7.42,21.06,0.352,-50.33,0.147,0.335,0.264
75,150,63,1.5,21,7.22,20.49,0.352,-42.89,0.168,0.265,0.415
75,150,63,1.5,84,7.19,20.51,0.351,-43.69,0.165,0.264,0.414
75,150,63,1.5,63,7.18,20.5,0.35,-43.59,0.165,0.264,0.414
75,200,10,1.5,84,7.17,20.53,0.349,-46.32,0.155,0.307,0.403
75,200,10,1.5,63,7.15,20.52,0.349,-46.23,0.155,0.306,0.403
75,200,10,1.5,21,7.14,20.5,0.348,-46.03,0.155,0.306,0.397
50,150,10,2.5,84,7.61,21.98,0.346,-37.08,0.205,0.443,0.002
50,150,10,2.5,63,7.57,21.97,0.344,-37.06,0.204,0.441,0.002
50,150,10,2.5,21,7.54,21.95,0.344,-36.71,0.205,0.441,0.001
30,200,21,1.8,63,7.16,20.87,0.343,-36.73,0.195,0.351,0.266
30,200,21,1.8,84,7.14,20.88,0.342,-36.78,0.194,0.351,0.268
30,200,21,1.8,21,7.14,20.88,0.342,-36.62,0.195,0.352,0.26
30,150,63,1.5,21,6.95,20.7,0.336,-59.41,0.117,0.298,0.291
20,200,10,2.5,21,6.92,20.62,0.336,-44.3,0.156,0.435,-0.413
30,150,21,2.5,21,7.14,21.25,0.336,-31.74,0.225,0.45,-0.048
20,200,10,2.5,84,6.91,20.67,0.334,-44.52,0.155,0.436,-0.406
30,150,21,2.5,84,7.05,21.27,0.331,-30.54,0.231,0.45,-0.045
20,200,10,2.5,63,6.84,20.66,0.331,-44.48,0.154,0.436,-0.408
30,150,63,1.5,63,6.81,20.7,0.329,-59.42,0.115,0.298,0.289
50,150,42,2.5,21,7.27,22.1,0.329,-44.48,0.163,0.4,-0.178
30,150,21,2.5,63,7.0,21.26,0.329,-30.69,0.228,0.449,-0.046
50,200,10,1.5,21,6.81,20.8,0.327,-42.56,0.16,0.308,0.428
30,150,63,1.5,84,6.77,20.7,0.327,-59.37,0.114,0.299,0.288
50,200,10,1.5,84,6.79,20.8,0.326,-42.83,0.159,0.309,0.433
50,200,10,1.5,63,6.77,20.8,0.325,-42.83,0.158,0.309,0.432
50,150,63,1.5,84,6.66,20.58,0.324,-54.09,0.123,0.269,0.138
50,150,63,1.5,63,6.64,20.58,0.323,-54.04,0.123,0.268,0.139
50,150,63,1.5,21,6.58,20.58,0.32,-53.74,0.122,0.269,0.142
30,200,63,2.2,21,6.44,20.24,0.318,-41.44,0.155,0.367,0.084
50,150,42,2.5,84,6.99,22.12,0.316,-43.9,0.159,0.401,-0.176
50,150,42,2.5,63,6.96,22.1,0.315,-43.95,0.158,0.4,-0.177
75,100,63,2.5,21,7.36,23.4,0.314,-50.21,0.147,0.431,-0.172
50,100,42,1.5,21,6.65,21.19,0.314,-42.14,0.158,0.331,0.398
50,100,42,1.5,84,6.61,21.17,0.312,-42.5,0.156,0.331,0.398
50,100,42,1.5,63,6.6,21.17,0.312,-42.5,0.155,0.331,0.398
75,100,63,2.5,84,7.32,23.47,0.312,-48.76,0.15,0.431,-0.168
30,200,42,2.5,84,6.37,20.51,0.311,-43.45,0.147,0.401,-0.13
75,100,63,2.5,63,7.28,23.45,0.311,-49.11,0.148,0.431,-0.168
30,200,42,2.5,21,6.34,20.41,0.311,-43.12,0.147,0.401,-0.138
75,100,21,2.2,84,6.98,22.49,0.31,-52.26,0.134,0.454,0.097
75,100,21,2.2,63,6.9,22.49,0.307,-52.42,0.132,0.453,0.096
30,200,63,2.2,63,6.22,20.25,0.307,-41.72,0.149,0.367,0.09
30,150,10,2.2,84,6.79,22.13,0.307,-45.65,0.149,0.443,-0.186
30,200,42,2.5,63,6.29,20.48,0.307,-43.63,0.144,0.4,-0.132
30,200,63,2.2,84,6.19,20.26,0.306,-41.8,0.148,0.366,0.092
75,100,21,2.2,21,6.89,22.49,0.306,-52.58,0.131,0.452,0.098
30,150,10,2.2,63,6.73,22.12,0.304,-45.68,0.147,0.441,-0.187
75,150,10,2.2,21,7.02,23.05,0.304,-44.82,0.157,0.421,0.022
50,200,63,1.8,21,5.93,19.64,0.302,-48.79,0.122,0.277,0.493
30,150,10,2.2,21,6.65,22.12,0.301,-45.04,0.148,0.441,-0.188
50,150,63,1.8,84,6.23,21.22,0.294,-55.92,0.111,0.304,0.306
50,200,63,1.8,63,5.79,19.66,0.294,-48.75,0.119,0.278,0.492
75,200,63,2.2,21,6.05,20.63,0.293,-48.55,0.125,0.316,0.3
50,200,63,1.8,84,5.76,19.67,0.293,-48.76,0.118,0.278,0.492
50,150,63,1.8,63,6.23,21.22,0.293,-55.86,0.112,0.305,0.307
50,150,63,1.8,21,6.17,21.22,0.291,-55.6,0.111,0.304,0.308
75,200,63,2.2,63,6.0,20.66,0.29,-48.92,0.123,0.316,0.306
75,200,63,2.2,84,6.0,20.67,0.29,-49.06,0.122,0.316,0.307
75,150,10,2.2,63,6.67,23.1,0.289,-45.27,0.147,0.419,0.022
75,150,10,2.2,84,6.59,23.12,0.285,-45.39,0.145,0.417,0.022
20,200,10,1.8,21,5.86,20.66,0.283,-43.83,0.134,0.382,0.209
75,150,42,2.5,21,6.68,23.84,0.28,-49.2,0.136,0.411,-0.251
20,200,10,1.8,63,5.72,20.65,0.277,-44.57,0.128,0.384,0.211
75,100,10,2.5,84,5.73,20.72,0.276,-47.69,0.12,0.478,-0.005
75,150,42,2.5,84,6.57,23.88,0.275,-50.3,0.131,0.411,-0.245
20,200,10,1.8,84,5.68,20.65,0.275,-44.77,0.127,0.384,0.212
75,150,42,2.5,63,6.54,23.86,0.274,-49.99,0.131,0.411,-0.246
75,100,10,2.5,63,5.66,20.7,0.273,-47.64,0.119,0.478,-0.003
50,150,10,2.2,21,6.03,22.4,0.269,-45.17,0.133,0.423,-0.057
50,100,42,2.2,21,6.07,22.85,0.266,-47.26,0.128,0.424,0.31
75,100,10,2.5,21,5.48,20.67,0.265,-48.28,0.114,0.478,0.001
50,150,10,2.2,63,5.93,22.4,0.265,-45.78,0.13,0.422,-0.059
75,100,21,2.5,84,5.8,21.95,0.264,-58.7,0.099,0.461,0.06
50,150,10,2.2,84,5.92,22.4,0.264,-45.76,0.129,0.423,-0.06
20,150,63,2.5,84,5.71,21.76,0.263,-56.23,0.102,0.433,-0.128
20,150,63,2.5,21,5.71,21.71,0.263,-56.03,0.102,0.433,-0.139
20,150,63,2.5,63,5.7,21.74,0.262,-56.17,0.101,0.432,-0.128
75,100,21,2.5,63,5.69,21.93,0.259,-58.75,0.097,0.46,0.06
50,150,42,2.2,21,5.68,22.13,0.257,-54.83,0.104,0.376,-0.067
50,100,42,2.2,84,5.87,22.85,0.257,-48.19,0.122,0.422,0.308
50,100,42,2.2,63,5.88,22.85,0.257,-48.22,0.122,0.423,0.308
75,100,21,2.5,21,5.61,21.91,0.256,-58.6,0.096,0.461,0.062
20,200,63,2.5,21,4.83,19.87,0.243,-49.0,0.099,0.418,-0.031
50,150,42,2.2,63,5.37,22.11,0.243,-54.27,0.099,0.377,-0.06
50,150,42,2.2,84,5.35,22.11,0.242,-54.12,0.099,0.377,-0.058
75,200,21,1.8,84,5.05,20.98,0.241,-64.86,0.078,0.301,0.198
75,200,21,1.8,63,5.06,20.98,0.241,-64.8,0.078,0.302,0.199
50,100,42,2.5,84,5.27,21.89,0.241,-45.44,0.116,0.444,0.268
75,200,21,1.8,21,5.01,20.98,0.239,-64.77,0.077,0.302,0.2
50,100,42,2.5,63,5.21,21.88,0.238,-45.71,0.114,0.445,0.27
50,100,42,2.5,21,5.19,21.88,0.237,-46.08,0.113,0.445,0.277
75,150,10,1.8,21,5.14,21.74,0.237,-47.46,0.108,0.373,0.236
30,150,42,2.5,21,4.94,21.06,0.235,-42.19,0.117,0.423,-0.092
30,150,42,2.5,84,4.88,21.07,0.232,-41.33,0.118,0.426,-0.094
30,150,42,2.5,63,4.8,21.06,0.228,-41.5,0.116,0.426,-0.094
20,200,63,2.5,84,4.53,19.96,0.227,-49.17,0.092,0.417,-0.024
20,200,63,2.5,63,4.53,19.94,0.227,-49.36,0.092,0.417,-0.026
75,150,10,1.8,63,4.91,21.76,0.226,-48.43,0.101,0.371,0.238
75,150,10,1.8,84,4.89,21.77,0.225,-48.63,0.101,0.37,0.239
20,200,10,2.2,21,4.72,21.08,0.224,-45.64,0.103,0.416,-0.279
50,100,63,2.5,21,5.07,22.88,0.222,-56.66,0.089,0.428,0.064
75,200,10,2.2,21,4.92,22.31,0.221,-60.56,0.081,0.367,-0.106
50,100,63,2.5,84,5.06,22.93,0.221,-55.33,0.091,0.428,0.064
75,200,10,2.2,63,4.92,22.33,0.22,-60.81,0.081,0.366,-0.101
75,200,10,2.2,84,4.91,22.34,0.22,-60.94,0.081,0.365,-0.099
30,200,21,2.5,84,4.72,21.56,0.219,-48.68,0.097,0.407,-0.233
50,100,63,2.5,63,5.01,22.91,0.219,-55.73,0.09,0.428,0.065
30,200,21,2.5,21,4.68,21.53,0.217,-48.39,0.097,0.407,-0.234
30,200,21,2.5,63,4.65,21.55,0.216,-49.13,0.095,0.408,-0.234
50,100,42,1.8,21,4.51,21.33,0.211,-37.07,0.122,0.362,0.299
50,100,42,1.8,84,4.43,21.32,0.208,-36.9,0.12,0.362,0.297
50,100,42,1.8,63,4.44,21.32,0.208,-36.86,0.12,0.362,0.297
20,200,10,2.2,63,4.36,21.06,0.207,-46.28,0.094,0.417,-0.272
75,200,10,1.8,84,4.26,20.79,0.205,-62.88,0.068,0.329,0.341
20,200,10,2.2,84,4.32,21.06,0.205,-46.25,0.093,0.416,-0.27
75,200,10,1.8,63,4.25,20.78,0.204,-62.91,0.068,0.329,0.34
75,200,10,1.8,21,4.21,20.77,0.203,-63.03,0.067,0.329,0.336
50,150,21,2.2,21,4.43,22.32,0.199,-46.25,0.096,0.402,-0.11
75,200,21,2.2,63,4.4,22.15,0.199,-66.89,0.066,0.34,-0.142
30,150,21,1.8,84,4.16,20.97,0.199,-34.14,0.122,0.373,0.361
75,200,21,2.2,84,4.39,22.17,0.198,-67.05,0.065,0.339,-0.141
30,150,21,1.8,63,4.14,20.97,0.197,-34.43,0.12,0.373,0.361
75,200,21,2.2,21,4.33,22.13,0.195,-66.6,0.065,0.34,-0.145
30,150,21,2.2,21,4.28,22.11,0.194,-54.45,0.079,0.433,-0.069
30,100,10,2.5,84,3.74,19.34,0.193,-51.04,0.073,0.473,-0.146
30,100,21,2.5,21,3.88,20.37,0.191,-51.94,0.075,0.459,0.258
30,150,21,1.8,21,3.98,20.99,0.19,-35.27,0.113,0.373,0.361
30,150,21,2.2,84,4.17,22.1,0.189,-55.17,0.076,0.431,-0.067
30,100,10,2.5,63,3.65,19.33,0.189,-51.08,0.071,0.473,-0.148
30,150,21,2.2,63,4.15,22.09,0.188,-55.1,0.075,0.431,-0.067
50,150,21,2.2,63,4.2,22.31,0.188,-47.52,0.088,0.401,-0.11
30,100,21,2.5,84,3.8,20.38,0.187,-52.31,0.073,0.461,0.26
50,150,21,2.2,84,4.17,22.31,0.187,-47.71,0.087,0.399,-0.11
30,100,21,2.5,63,3.76,20.37,0.184,-52.44,0.072,0.461,0.26
30,150,21,1.5,63,3.65,20.51,0.178,-46.44,0.079,0.343,0.271
30,150,21,1.5,84,3.65,20.51,0.178,-46.51,0.078,0.344,0.272
30,150,21,1.5,21,3.64,20.53,0.178,-45.94,0.079,0.343,0.271
30,100,10,2.5,21,3.34,19.33,0.173,-51.33,0.065,0.469,-0.151
30,200,21,2.2,21,3.67,21.69,0.169,-54.43,0.067,0.381,-0.156
30,200,21,2.2,84,3.6,21.69,0.166,-55.1,0.065,0.381,-0.149
30,200,21,2.2,63,3.59,21.69,0.165,-55.15,0.065,0.382,-0.15
75,150,42,1.8,21,3.39,20.78,0.163,-46.73,0.073,0.317,0.317
50,200,42,2.5,84,3.45,21.58,0.16,-48.43,0.071,0.372,-0.073
75,150,42,1.8,63,3.28,20.76,0.158,-47.34,0.069,0.316,0.323
75,150,42,1.8,84,3.27,20.76,0.157,-47.55,0.069,0.316,0.325
50,150,42,1.5,84,3.18,20.42,0.156,-51.58,0.062,0.285,0.172
50,200,42,2.5,63,3.34,21.55,0.155,-48.31,0.069,0.371,-0.073
50,150,42,1.5,63,3.15,20.43,0.154,-51.67,0.061,0.286,0.173
75,100,63,2.2,84,3.68,24.13,0.153,-67.47,0.055,0.412,-0.284
75,100,63,2.2,21,3.69,24.12,0.153,-68.24,0.054,0.412,-0.284
75,100,63,2.2,63,3.65,24.12,0.151,-67.71,0.054,0.412,-0.284
50,200,21,1.8,84,3.17,20.98,0.151,-61.77,0.051,0.31,0.438
30,150,42,2.2,84,3.27,21.68,0.151,-48.5,0.067,0.407,-0.013
50,200,21,1.8,63,3.16,20.98,0.151,-61.79,0.051,0.31,0.437
20,150,10,2.5,84,3.13,20.8,0.15,-45.42,0.069,0.45,-0.08
30,150,42,2.2,63,3.25,21.68,0.15,-48.66,0.067,0.407,-0.013
30,150,42,2.2,21,3.26,21.7,0.15,-49.1,0.066,0.408,-0.016
75,200,42,2.5,84,3.36,22.41,0.15,-68.07,0.049,0.377,-0.106
50,150,42,1.5,21,3.04,20.43,0.149,-51.9,0.059,0.287,0.177
20,150,63,2.2,84,3.34,22.42,0.149,-57.41,0.058,0.411,-0.114
20,150,63,2.2,63,3.31,22.41,0.148,-57.62,0.057,0.411,-0.114
50,200,21,1.8,21,3.11,20.98,0.148,-62.0,0.05,0.309,0.435
20,150,10,2.5,63,3.01,20.78,0.145,-45.36,0.066,0.447,-0.081
75,200,42,2.5,63,3.26,22.38,0.145,-68.27,0.048,0.377,-0.106
50,200,42,2.5,21,3.09,21.49,0.144,-48.22,0.064,0.373,-0.078
20,150,63,2.2,21,3.18,22.4,0.142,-58.75,0.054,0.412,-0.12
20,150,10,2.5,21,2.93,20.74,0.142,-44.26,0.066,0.45,-0.089
75,200,42,2.5,21,3.0,22.3,0.134,-68.63,0.044,0.376,-0.11
75,150,21,2.2,21,3.03,23.0,0.132,-60.24,0.05,0.396,-0.021
50,200,10,2.2,21,2.99,22.8,0.131,-74.61,0.04,0.392,-0.165
50,200,10,2.2,84,2.95,22.79,0.13,-74.39,0.04,0.391,-0.161
50,200,10,2.2,63,2.94,22.79,0.129,-74.44,0.039,0.393,-0.163
20,200,63,2.2,21,2.6,20.46,0.127,-42.25,0.062,0.385,0.1
50,200,10,2.5,84,2.79,22.36,0.125,-67.86,0.041,0.413,-0.358
50,200,10,2.5,63,2.71,22.35,0.121,-68.09,0.04,0.414,-0.36
50,200,10,2.5,21,2.67,22.32,0.12,-68.27,0.039,0.413,-0.358
50,200,21,1.5,21,2.39,20.36,0.118,-66.93,0.036,0.276,0.655
50,200,63,1.5,21,2.25,19.17,0.118,-57.91,0.039,0.238,0.507
50,150,42,1.8,84,2.4,20.65,0.116,-48.23,0.05,0.318,0.187
50,150,42,1.8,21,2.39,20.67,0.116,-48.95,0.049,0.32,0.188
30,200,63,1.8,21,2.23,19.46,0.115,-59.43,0.038,0.317,0.115
75,150,21,2.2,63,2.65,23.03,0.115,-61.12,0.043,0.397,-0.02
75,200,63,1.8,21,2.13,18.48,0.115,-54.02,0.039,0.258,0.373
50,150,42,1.8,63,2.38,20.65,0.115,-48.45,0.049,0.32,0.187
20,200,63,2.2,63,2.33,20.5,0.114,-42.7,0.055,0.385,0.103
50,200,21,1.5,63,2.32,20.34,0.114,-67.06,0.035,0.276,0.656
20,200,63,2.2,84,2.34,20.51,0.114,-42.67,0.055,0.385,0.103
50,200,21,1.5,84,2.31,20.34,0.113,-67.12,0.034,0.276,0.657
75,150,21,2.2,84,2.57,23.04,0.112,-61.33,0.042,0.396,-0.02
50,200,63,1.5,63,2.14,19.16,0.112,-57.97,0.037,0.239,0.506
50,200,10,1.8,21,2.38,21.42,0.111,-66.28,0.036,0.342,0.256
50,200,63,1.5,84,2.12,19.16,0.111,-57.98,0.037,0.238,0.505
50,150,21,1.5,84,2.19,20.12,0.109,-54.94,0.04,0.31,0.45
75,200,63,1.8,63,2.02,18.49,0.109,-54.61,0.037,0.258,0.372
50,150,21,1.5,63,2.19,20.12,0.109,-54.95,0.04,0.31,0.45
75,200,63,1.8,84,2.0,18.5,0.108,-54.77,0.037,0.258,0.371
50,150,21,1.5,21,2.18,20.13,0.108,-55.16,0.04,0.309,0.447
30,200,63,1.8,63,2.09,19.45,0.108,-59.68,0.035,0.317,0.115
50,200,10,1.8,63,2.31,21.43,0.108,-66.64,0.035,0.343,0.258
20,150,42,2.5,84,2.21,20.61,0.107,-49.89,0.044,0.436,-0.253
30,200,63,1.8,84,2.08,19.45,0.107,-59.73,0.035,0.317,0.114
50,200,10,1.8,84,2.29,21.43,0.107,-66.71,0.034,0.343,0.259
20,150,42,2.5,63,2.08,20.6,0.101,-50.0,0.042,0.436,-0.254
75,200,63,1.5,21,1.8,18.1,0.099,-55.81,0.032,0.235,0.385
50,100,21,2.2,84,2.14,21.66,0.099,-58.47,0.037,0.435,0.281
50,100,21,2.2,21,2.12,21.68,0.098,-57.5,0.037,0.433,0.287
75,150,42,1.5,21,2.05,21.01,0.097,-47.98,0.043,0.285,0.2
75,200,63,1.5,84,1.73,18.1,0.096,-56.15,0.031,0.236,0.382
20,150,42,2.5,21,1.97,20.61,0.096,-50.58,0.039,0.436,-0.255
50,100,21,2.2,63,2.07,21.66,0.096,-58.61,0.035,0.434,0.282
75,200,63,1.5,63,1.75,18.1,0.096,-56.06,0.031,0.236,0.382
75,150,42,1.5,63,1.99,20.99,0.095,-48.86,0.041,0.284,0.203
75,150,42,1.5,84,1.97,20.99,0.094,-49.06,0.04,0.284,0.204
50,200,21,2.2,84,2.12,22.8,0.093,-70.49,0.03,0.361,-0.048
75,150,42,2.2,63,2.17,23.41,0.093,-54.98,0.039,0.381,-0.221
50,200,21,2.2,63,2.12,22.8,0.093,-70.48,0.03,0.36,-0.049
75,150,42,2.2,84,2.18,23.41,0.093,-55.19,0.039,0.382,-0.219
50,200,21,2.2,21,2.07,22.8,0.091,-70.53,0.029,0.36,-0.051
75,150,42,2.2,21,2.14,23.41,0.091,-54.64,0.039,0.38,-0.226
30,200,42,2.2,21,1.82,20.58,0.088,-51.55,0.035,0.372,-0.039
20,200,21,1.8,21,1.82,20.72,0.088,-43.66,0.042,0.362,0.15
20,200,21,1.8,84,1.76,20.71,0.085,-43.25,0.041,0.361,0.154
20,200,21,1.8,63,1.77,20.71,0.085,-43.33,0.041,0.361,0.153
75,100,42,2.2,84,1.98,23.97,0.083,-63.79,0.031,0.429,-0.036
50,100,10,1.5,84,1.83,22.26,0.082,-57.38,0.032,0.386,0.217
75,100,42,2.2,63,1.94,23.97,0.081,-63.81,0.03,0.429,-0.037
50,100,10,1.5,63,1.8,22.26,0.081,-57.32,0.031,0.387,0.217
30,200,42,2.2,63,1.66,20.6,0.08,-51.38,0.032,0.37,-0.033
30,200,42,2.2,84,1.65,20.61,0.08,-51.37,0.032,0.371,-0.032
30,100,42,2.5,84,1.67,21.23,0.079,-63.53,0.026,0.452,0.098
75,100,42,2.5,84,1.8,22.91,0.079,-61.73,0.029,0.447,-0.157
75,100,42,2.2,21,1.9,23.98,0.079,-63.79,0.03,0.429,-0.038
20,150,21,2.5,21,1.67,21.21,0.079,-61.26,0.027,0.452,-0.142
20,150,21,2.5,84,1.68,21.2,0.079,-60.4,0.028,0.45,-0.137
50,100,21,2.5,21,1.64,21.18,0.077,-58.1,0.028,0.447,0.249
30,100,42,2.5,63,1.64,21.22,0.077,-63.55,0.026,0.451,0.097
20,150,21,2.5,63,1.62,21.2,0.077,-60.8,0.027,0.45,-0.137
50,100,21,2.5,84,1.61,21.17,0.076,-58.53,0.028,0.448,0.241
50,150,21,1.8,84,1.51,20.2,0.075,-57.53,0.026,0.33,0.48
50,150,21,1.8,21,1.49,20.22,0.074,-58.24,0.026,0.329,0.479
50,150,21,1.8,63,1.5,20.2,0.074,-57.71,0.026,0.33,0.48
30,200,63,1.5,21,1.39,18.87,0.074,-56.94,0.024,0.28,0.166
50,100,21,2.5,63,1.54,21.16,0.073,-58.82,0.026,0.448,0.243
75,100,42,2.5,63,1.67,22.9,0.073,-61.66,0.027,0.446,-0.157
50,100,10,1.5,21,1.6,22.26,0.072,-56.61,0.028,0.385,0.217
30,200,63,1.5,84,1.28,18.86,0.068,-57.12,0.022,0.281,0.166
30,200,63,1.5,63,1.29,18.86,0.068,-57.14,0.023,0.281,0.166
50,100,10,2.5,21,1.41,20.61,0.068,-47.79,0.03,0.457,0.252
20,150,21,2.2,84,1.51,22.05,0.068,-52.44,0.029,0.438,-0.223
30,100,42,2.5,21,1.45,21.2,0.068,-63.17,0.023,0.452,0.097
20,150,21,2.2,63,1.46,22.05,0.066,-52.63,0.028,0.438,-0.223
50,100,10,2.5,84,1.36,20.57,0.066,-47.3,0.029,0.457,0.247
75,150,10,1.5,21,1.3,20.37,0.064,-62.75,0.021,0.343,0.364
20,150,21,2.2,21,1.4,22.06,0.063,-52.85,0.026,0.439,-0.227
50,100,10,2.5,63,1.29,20.57,0.063,-47.57,0.027,0.456,0.248
75,100,10,1.8,84,1.24,21.73,0.057,-66.33,0.019,0.414,-0.043
75,100,10,1.8,63,1.23,21.73,0.056,-66.21,0.019,0.414,-0.043
75,100,42,2.5,21,1.27,22.88,0.056,-62.01,0.02,0.446,-0.153
75,150,10,1.5,63,1.12,20.38,0.055,-63.04,0.018,0.343,0.372
50,100,63,2.2,21,1.27,23.55,0.054,-65.97,0.019,0.413,-0.018
30,150,10,1.8,84,1.08,20.93,0.052,-43.34,0.025,0.39,-0.044
75,150,10,1.5,84,1.07,20.39,0.052,-63.21,0.017,0.342,0.373
50,100,63,2.2,84,1.21,23.57,0.051,-65.66,0.018,0.412,-0.021
30,150,10,1.8,63,1.05,20.92,0.05,-43.42,0.024,0.39,-0.045
75,100,10,1.8,21,1.09,21.74,0.05,-65.7,0.017,0.412,-0.043
50,100,63,2.2,63,1.19,23.57,0.05,-65.75,0.018,0.413,-0.02
50,100,10,2.2,21,1.02,21.47,0.048,-52.49,0.019,0.443,0.253
20,150,10,2.2,21,0.99,21.6,0.046,-50.26,0.02,0.438,-0.151
30,150,10,1.8,21,0.84,20.91,0.04,-44.28,0.019,0.39,-0.047
20,150,10,2.2,84,0.86,21.61,0.04,-51.45,0.017,0.437,-0.151
75,150,21,1.8,21,0.82,20.83,0.04,-69.73,0.012,0.336,0.253
50,100,63,1.5,84,0.9,22.76,0.04,-65.62,0.014,0.338,0.068
20,150,10,2.2,63,0.85,21.6,0.039,-51.39,0.017,0.436,-0.15
50,200,21,2.5,84,0.86,22.5,0.038,-71.06,0.012,0.395,-0.271
50,100,63,1.5,63,0.87,22.76,0.038,-65.69,0.013,0.338,0.068
50,200,21,2.5,63,0.76,22.48,0.034,-71.41,0.011,0.393,-0.273
50,100,10,2.2,63,0.69,21.43,0.032,-54.51,0.013,0.444,0.251
50,100,10,2.2,84,0.69,21.43,0.032,-54.63,0.013,0.445,0.251
50,100,63,1.8,84,0.71,22.99,0.031,-66.48,0.011,0.37,-0.037
50,100,10,1.8,21,0.66,22.04,0.03,-61.94,0.011,0.402,0.205
50,100,63,1.5,21,0.66,22.75,0.029,-66.34,0.01,0.336,0.07
50,200,42,2.2,84,0.63,21.5,0.029,-59.41,0.011,0.334,0.001
50,100,10,1.8,84,0.64,22.05,0.029,-62.85,0.01,0.404,0.204
20,100,10,2.5,84,0.55,19.02,0.029,-66.91,0.008,0.472,0.06
50,100,63,1.8,63,0.65,22.99,0.028,-66.62,0.01,0.371,-0.036
50,200,42,2.2,63,0.6,21.49,0.028,-59.61,0.01,0.334,0.001
50,100,10,1.8,63,0.63,22.04,0.028,-62.75,0.01,0.405,0.204
50,100,63,1.8,21,0.54,22.99,0.024,-67.19,0.008,0.369,-0.03
20,150,21,1.8,84,0.47,20.74,0.023,-50.1,0.009,0.385,0.385
50,200,42,2.2,21,0.5,21.46,0.023,-59.89,0.008,0.335,-0.002
50,200,21,2.5,21,0.5,22.44,0.022,-72.33,0.007,0.394,-0.272
75,150,21,1.8,63,0.43,20.84,0.021,-70.83,0.006,0.337,0.252
20,100,10,2.5,63,0.4,19.01,0.021,-67.27,0.006,0.472,0.059
30,100,63,2.5,84,0.41,21.79,0.019,-62.91,0.007,0.429,0.118
20,150,21,1.8,63,0.4,20.73,0.019,-50.51,0.008,0.384,0.386
30,150,10,1.5,63,0.37,20.75,0.018,-53.91,0.007,0.368,-0.104
75,150,21,1.8,84,0.37,20.84,0.018,-70.95,0.005,0.337,0.251
30,150,10,1.5,84,0.36,20.76,0.017,-53.81,0.007,0.368,-0.104
30,100,63,2.5,63,0.34,21.77,0.016,-63.36,0.005,0.428,0.119
30,100,63,2.5,21,0.25,21.71,0.012,-63.83,0.004,0.432,0.12
30,150,10,1.5,21,0.24,20.72,0.011,-54.44,0.004,0.366,-0.102
30,100,21,2.2,21,0.24,21.03,0.011,-60.88,0.004,0.452,0.279
20,150,21,1.8,21,0.17,20.74,0.008,-51.52,0.003,0.385,0.386
30,100,21,2.2,84,0.14,21.0,0.007,-61.93,0.002,0.455,0.281
30,100,21,2.2,63,0.13,21.0,0.006,-61.89,0.002,0.455,0.281
20,100,10,2.5,21,0.08,19.02,0.004,-68.06,0.001,0.47,0.051
20,100,21,2.5,84,-0.15,20.17,-0.007,-70.53,-0.002,0.466,0.298
20,100,21,2.5,21,-0.17,20.17,-0.008,-69.92,-0.002,0.465,0.3
20,100,21,2.5,63,-0.22,20.17,-0.011,-70.59,-0.003,0.467,0.3
20,150,42,2.2,84,-0.31,21.55,-0.014,-61.46,-0.005,0.418,-0.212
50,100,21,1.5,84,-0.36,21.61,-0.017,-63.5,-0.006,0.355,0.248
50,100,21,1.5,63,-0.36,21.61,-0.017,-63.3,-0.006,0.355,0.248
20,150,42,2.2,63,-0.4,21.55,-0.019,-61.55,-0.006,0.418,-0.212
50,100,21,1.5,21,-0.46,21.61,-0.021,-62.52,-0.007,0.355,0.249
50,100,21,1.8,84,-0.62,21.31,-0.029,-70.78,-0.009,0.387,0.284
20,150,42,2.2,21,-0.63,21.57,-0.029,-61.88,-0.01,0.42,-0.215
50,100,21,1.8,63,-0.66,21.31,-0.031,-70.68,-0.009,0.387,0.284
20,200,63,1.5,21,-0.64,19.31,-0.033,-53.26,-0.012,0.312,0.282
50,100,21,1.8,21,-0.8,21.31,-0.038,-70.24,-0.011,0.386,0.285
20,200,63,1.5,63,-0.82,19.3,-0.042,-53.99,-0.015,0.313,0.281
20,200,63,1.5,84,-0.84,19.3,-0.043,-54.05,-0.016,0.313,0.28
30,100,10,2.2,84,-0.95,20.09,-0.047,-70.11,-0.014,0.463,-0.099
30,100,10,2.2,63,-0.97,20.09,-0.048,-70.01,-0.014,0.463,-0.1
20,200,42,2.5,84,-1.06,20.78,-0.051,-50.51,-0.021,0.415,-0.215
20,200,42,2.5,21,-1.07,20.71,-0.052,-50.49,-0.021,0.417,-0.231
20,200,42,2.5,63,-1.12,20.76,-0.054,-50.59,-0.022,0.415,-0.218
30,100,42,2.2,21,-1.18,22.11,-0.054,-69.08,-0.017,0.436,0.087
75,100,63,1.8,84,-1.3,22.78,-0.057,-66.65,-0.02,0.369,-0.023
30,100,42,2.2,63,-1.26,22.11,-0.057,-70.36,-0.018,0.436,0.088
30,100,10,2.2,21,-1.17,20.1,-0.058,-70.13,-0.017,0.462,-0.102
75,100,63,1.8,21,-1.32,22.77,-0.058,-66.88,-0.02,0.369,-0.024
75,100,63,1.8,63,-1.32,22.77,-0.058,-66.73,-0.02,0.369,-0.023
30,100,42,2.2,84,-1.32,22.12,-0.06,-70.69,-0.019,0.436,0.089
75,200,42,2.2,84,-1.4,21.35,-0.065,-76.29,-0.018,0.317,-0.099
75,200,42,2.2,63,-1.42,21.33,-0.067,-76.39,-0.019,0.317,-0.1
75,200,42,2.2,21,-1.45,21.3,-0.068,-76.69,-0.019,0.317,-0.105
75,150,21,1.5,21,-1.44,20.51,-0.07,-70.85,-0.02,0.309,0.327
75,100,10,1.5,21,-1.62,21.6,-0.075,-69.21,-0.023,0.389,-0.075
30,150,42,1.5,84,-1.5,19.9,-0.075,-53.03,-0.028,0.306,0.038
30,150,42,1.5,63,-1.52,19.9,-0.077,-53.18,-0.029,0.307,0.039
75,100,10,1.5,63,-1.67,21.6,-0.077,-69.62,-0.024,0.388,-0.077
20,100,42,2.5,84,-1.61,20.78,-0.078,-69.61,-0.023,0.456,0.059
75,100,10,1.5,84,-1.68,21.61,-0.078,-69.67,-0.024,0.388,-0.077
20,100,42,2.5,63,-1.65,20.77,-0.079,-69.64,-0.024,0.455,0.059
75,150,21,1.5,63,-1.62,20.5,-0.079,-71.18,-0.023,0.309,0.335
30,150,42,1.5,21,-1.6,19.91,-0.08,-53.45,-0.03,0.308,0.044
75,150,21,1.5,84,-1.65,20.51,-0.08,-71.12,-0.023,0.31,0.336
20,100,10,1.8,84,-1.77,20.2,-0.087,-77.8,-0.023,0.434,0.126
20,100,10,1.8,63,-1.83,20.19,-0.091,-77.81,-0.024,0.434,0.125
20,100,42,2.5,21,-1.91,20.75,-0.092,-69.74,-0.027,0.457,0.059
20,100,10,1.8,21,-2.08,20.2,-0.103,-77.95,-0.027,0.434,0.121
20,200,21,2.5,21,-2.25,21.41,-0.105,-71.72,-0.031,0.423,-0.57
50,150,10,1.5,84,-2.14,20.14,-0.106,-60.36,-0.035,0.333,-0.014
20,100,63,2.5,84,-2.32,21.46,-0.108,-74.62,-0.031,0.444,0.171
50,150,10,1.5,63,-2.2,20.14,-0.109,-60.58,-0.036,0.333,-0.014
20,100,63,2.5,21,-2.37,21.39,-0.111,-75.42,-0.031,0.442,0.174
20,100,63,2.5,63,-2.38,21.44,-0.111,-74.95,-0.032,0.445,0.172
50,150,10,1.5,21,-2.32,20.14,-0.115,-60.92,-0.038,0.333,-0.012
20,200,21,2.5,63,-2.48,21.43,-0.116,-72.62,-0.034,0.422,-0.568
20,200,21,2.5,84,-2.49,21.44,-0.116,-72.6,-0.034,0.422,-0.566
20,200,21,2.2,21,-2.71,21.72,-0.125,-69.51,-0.039,0.403,-0.361
75,100,21,1.8,21,-2.84,21.74,-0.13,-71.29,-0.04,0.391,-0.01
20,150,42,1.5,84,-2.81,21.32,-0.132,-66.12,-0.042,0.34,0.038
75,100,21,1.8,63,-2.92,21.74,-0.134,-72.08,-0.041,0.393,-0.011
20,150,42,1.5,63,-2.86,21.32,-0.134,-66.3,-0.043,0.339,0.039
75,100,21,1.8,84,-2.94,21.74,-0.135,-72.22,-0.041,0.392,-0.012
20,200,21,2.2,63,-2.95,21.73,-0.136,-70.59,-0.042,0.403,-0.357
20,200,21,2.2,84,-2.97,21.74,-0.136,-70.63,-0.042,0.402,-0.355
30,150,42,1.8,84,-2.87,20.73,-0.138,-57.23,-0.05,0.348,0.053
20,150,21,1.5,21,-2.93,21.17,-0.139,-62.44,-0.047,0.356,0.194
20,150,21,1.5,84,-2.94,21.16,-0.139,-62.39,-0.047,0.355,0.198
30,150,42,1.8,63,-2.89,20.73,-0.139,-57.35,-0.05,0.348,0.054
20,100,10,1.5,84,-2.96,21.3,-0.139,-86.27,-0.034,0.41,0.162
20,150,42,1.5,21,-2.98,21.33,-0.14,-66.71,-0.045,0.342,0.043
20,150,21,1.5,63,-2.97,21.16,-0.14,-62.5,-0.048,0.355,0.197
20,100,10,1.5,63,-2.98,21.3,-0.14,-86.27,-0.035,0.41,0.162
30,150,42,1.8,21,-2.92,20.76,-0.141,-57.54,-0.051,0.35,0.058
20,100,10,1.5,21,-3.24,21.3,-0.152,-86.49,-0.037,0.409,0.16
30,200,42,1.5,21,-2.91,19.03,-0.153,-63.26,-0.046,0.285,-0.403
30,200,42,1.5,63,-3.0,19.04,-0.157,-63.57,-0.047,0.285,-0.404
30,200,42,1.5,84,-2.98,19.04,-0.157,-63.48,-0.047,0.286,-0.404
30,100,63,2.2,21,-3.6,22.24,-0.162,-77.46,-0.046,0.415,0.071
30,100,63,2.2,84,-3.64,22.28,-0.163,-77.64,-0.047,0.415,0.071
30,100,63,2.2,63,-3.64,22.27,-0.164,-77.63,-0.047,0.415,0.071
75,100,63,1.5,21,-3.86,23.17,-0.167,-76.66,-0.05,0.342,-0.58
75,100,63,1.5,63,-3.94,23.18,-0.17,-76.92,-0.051,0.343,-0.577
75,100,63,1.5,84,-3.97,23.18,-0.171,-77.02,-0.052,0.343,-0.576
75,100,42,1.5,21,-3.99,21.67,-0.184,-75.02,-0.053,0.346,-0.267
20,100,10,2.2,84,-3.65,19.86,-0.184,-80.7,-0.045,0.463,-0.031
20,100,10,2.2,63,-3.73,19.85,-0.188,-80.77,-0.046,0.464,-0.032
20,100,42,1.5,21,-3.9,20.78,-0.188,-78.45,-0.05,0.366,-0.006
75,100,42,1.5,63,-4.21,21.64,-0.194,-75.86,-0.055,0.345,-0.275
20,100,42,1.5,63,-4.04,20.76,-0.195,-79.14,-0.051,0.366,-0.009
75,100,42,1.5,84,-4.25,21.64,-0.197,-76.07,-0.056,0.345,-0.278
20,100,10,2.2,21,-3.91,19.87,-0.197,-81.05,-0.048,0.464,-0.036
20,100,42,1.5,84,-4.09,20.76,-0.197,-79.36,-0.052,0.365,-0.009
50,150,10,1.8,84,-4.63,20.89,-0.222,-68.28,-0.068,0.357,-0.114
50,150,10,1.8,63,-4.68,20.89,-0.224,-68.4,-0.068,0.358,-0.115
20,100,42,2.2,21,-5.0,22.02,-0.227,-81.82,-0.061,0.443,0.0
75,200,42,1.5,84,-4.34,19.05,-0.228,-79.91,-0.054,0.234,-0.462
50,150,10,1.8,21,-4.77,20.9,-0.228,-68.37,-0.07,0.357,-0.112
20,100,42,1.8,21,-4.58,20.07,-0.228,-73.41,-0.062,0.397,0.06
75,200,42,1.5,21,-4.34,19.05,-0.228,-79.79,-0.054,0.234,-0.46
75,200,42,1.5,63,-4.36,19.05,-0.229,-79.92,-0.055,0.234,-0.461
20,100,42,2.2,63,-5.07,22.02,-0.23,-82.3,-0.062,0.441,0.002
20,100,42,1.8,63,-4.64,20.04,-0.232,-74.1,-0.063,0.396,0.06
20,100,42,2.2,84,-5.11,22.02,-0.232,-82.43,-0.062,0.44,0.003
20,100,42,1.8,84,-4.69,20.04,-0.234,-74.4,-0.063,0.396,0.061
20,100,21,1.8,84,-4.88,20.02,-0.244,-76.39,-0.064,0.418,0.147
20,100,21,1.8,63,-4.92,20.01,-0.246,-76.25,-0.065,0.418,0.145
20,200,63,1.8,21,-4.93,20.08,-0.246,-67.81,-0.073,0.335,0.145
20,100,21,1.5,84,-5.28,21.08,-0.25,-81.44,-0.065,0.387,0.054
20,100,21,1.5,63,-5.27,21.07,-0.25,-81.31,-0.065,0.388,0.054
20,100,21,1.5,21,-5.36,21.05,-0.255,-81.0,-0.066,0.387,0.055
20,100,21,1.8,21,-5.1,20.01,-0.255,-75.9,-0.067,0.418,0.142
20,200,63,1.8,63,-5.17,20.08,-0.258,-68.54,-0.075,0.334,0.146
20,200,63,1.8,84,-5.19,20.08,-0.259,-68.59,-0.076,0.334,0.145
20,100,21,2.2,84,-5.32,20.43,-0.26,-85.74,-0.062,0.452,0.128
20,100,21,2.2,21,-5.35,20.45,-0.262,-85.21,-0.063,0.452,0.127
20,100,21,2.2,63,-5.35,20.43,-0.262,-85.66,-0.062,0.453,0.128
20,150,63,1.5,84,-5.61,21.09,-0.266,-79.27,-0.071,0.324,-0.239
20,150,63,1.5,63,-5.62,21.09,-0.267,-79.19,-0.071,0.324,-0.238
20,150,63,1.5,21,-5.65,21.09,-0.268,-79.05,-0.071,0.325,-0.237
50,200,42,1.8,84,-5.45,20.1,-0.271,-75.55,-0.072,0.272,-0.262
50,200,42,1.8,63,-5.45,20.1,-0.271,-75.63,-0.072,0.272,-0.262
50,200,42,1.8,21,-5.49,20.08,-0.273,-75.85,-0.072,0.272,-0.261
30,100,42,1.8,21,-5.62,20.48,-0.274,-75.43,-0.075,0.378,0.203
30,100,42,1.8,63,-5.69,20.46,-0.278,-75.77,-0.075,0.378,0.198
30,100,42,1.8,84,-5.76,20.46,-0.282,-75.99,-0.076,0.378,0.198
20,150,10,1.5,21,-5.72,20.18,-0.283,-73.65,-0.078,0.371,-0.114
20,200,42,2.2,21,-5.94,20.77,-0.286,-73.36,-0.081,0.393,-0.198
20,150,10,1.5,84,-5.79,20.2,-0.286,-73.63,-0.079,0.371,-0.109
30,100,42,1.5,21,-6.08,21.25,-0.286,-81.07,-0.075,0.349,-0.026
20,150,10,1.5,63,-5.79,20.19,-0.287,-73.68,-0.079,0.37,-0.11
20,100,63,1.5,84,-6.48,22.3,-0.291,-83.43,-0.078,0.363,-0.115
20,100,63,1.5,63,-6.51,22.29,-0.292,-83.37,-0.078,0.363,-0.116
30,100,21,1.8,84,-6.11,20.81,-0.294,-75.88,-0.081,0.401,0.16
30,100,21,1.8,63,-6.11,20.81,-0.294,-75.94,-0.08,0.401,0.159
50,200,42,1.5,84,-5.65,19.24,-0.294,-78.21,-0.072,0.231,-0.217
50,200,42,1.5,63,-5.68,19.24,-0.295,-78.28,-0.073,0.231,-0.218
20,150,42,1.8,84,-6.2,20.98,-0.295,-74.1,-0.084,0.37,0.052
20,200,42,2.2,63,-6.18,20.8,-0.297,-74.19,-0.083,0.392,-0.196
30,100,42,1.5,63,-6.31,21.23,-0.297,-81.62,-0.077,0.348,-0.027
20,200,42,2.2,84,-6.2,20.81,-0.298,-74.25,-0.084,0.392,-0.196
50,200,42,1.5,21,-5.74,19.25,-0.298,-78.43,-0.073,0.231,-0.217
30,100,21,1.8,21,-6.22,20.82,-0.299,-76.36,-0.081,0.401,0.158
20,150,42,1.8,63,-6.3,20.98,-0.3,-74.43,-0.085,0.37,0.053
30,100,42,1.5,84,-6.37,21.23,-0.3,-81.77,-0.078,0.348,-0.026
75,100,21,1.5,84,-6.47,21.47,-0.301,-79.51,-0.081,0.36,-0.156
20,100,63,1.5,21,-6.71,22.28,-0.301,-83.22,-0.081,0.363,-0.12
75,100,21,1.5,63,-6.52,21.46,-0.304,-79.61,-0.082,0.36,-0.156
20,150,42,1.8,21,-6.49,21.0,-0.309,-74.99,-0.087,0.372,0.056
75,100,21,1.5,21,-6.66,21.47,-0.31,-79.76,-0.084,0.359,-0.154
20,100,63,1.8,84,-6.91,22.2,-0.311,-86.45,-0.08,0.391,0.058
20,100,63,1.8,63,-6.93,22.2,-0.312,-86.35,-0.08,0.391,0.056
30,100,10,1.8,84,-6.51,20.71,-0.314,-83.97,-0.078,0.416,0.097
20,100,63,1.8,21,-7.01,22.19,-0.316,-86.04,-0.081,0.393,0.051
30,100,10,1.8,63,-6.55,20.71,-0.316,-83.97,-0.078,0.415,0.096
30,100,63,1.8,63,-7.0,22.02,-0.318,-82.84,-0.085,0.376,-0.163
30,100,63,1.8,84,-7.0,22.02,-0.318,-82.85,-0.084,0.376,-0.162
75,100,42,1.8,21,-7.1,22.2,-0.32,-80.32,-0.088,0.367,-0.065
30,100,63,1.8,21,-7.09,22.01,-0.322,-82.88,-0.086,0.375,-0.162
30,100,21,1.5,84,-7.02,21.51,-0.326,-81.4,-0.086,0.373,0.106
30,100,21,1.5,63,-7.02,21.51,-0.326,-81.36,-0.086,0.373,0.105
75,100,42,1.8,63,-7.22,22.17,-0.326,-80.59,-0.09,0.367,-0.072
75,100,42,1.8,84,-7.26,22.16,-0.327,-80.72,-0.09,0.367,-0.074
30,100,10,1.8,21,-6.83,20.71,-0.33,-84.31,-0.081,0.415,0.096
30,200,42,1.8,21,-6.66,20.12,-0.331,-77.66,-0.086,0.316,-0.378
30,100,21,1.5,21,-7.17,21.51,-0.333,-81.51,-0.088,0.373,0.102
30,200,42,1.8,63,-6.75,20.13,-0.335,-77.77,-0.087,0.317,-0.38
75,200,42,1.8,84,-6.71,19.98,-0.336,-77.02,-0.087,0.265,-0.474
30,200,42,1.8,84,-6.77,20.13,-0.336,-77.8,-0.087,0.317,-0.38
75,200,42,1.8,21,-6.73,19.96,-0.337,-76.87,-0.088,0.265,-0.468
75,200,42,1.8,63,-6.73,19.97,-0.337,-77.05,-0.087,0.265,-0.472
20,150,63,1.8,84,-7.19,21.14,-0.34,-81.89,-0.088,0.356,-0.072
20,150,63,1.8,63,-7.22,21.13,-0.342,-81.83,-0.088,0.356,-0.071
20,150,63,1.8,21,-7.27,21.14,-0.344,-81.79,-0.089,0.357,-0.069
20,150,10,1.8,84,-7.08,19.95,-0.355,-79.59,-0.089,0.393,-0.041
20,150,10,1.8,21,-7.11,19.94,-0.356,-79.37,-0.09,0.394,-0.047
20,150,10,1.8,63,-7.11,19.95,-0.356,-79.63,-0.089,0.393,-0.043
20,200,42,1.5,21,-7.87,20.02,-0.393,-82.06,-0.096,0.313,-0.484
20,100,63,2.2,21,-8.66,21.69,-0.399,-89.18,-0.097,0.425,-0.034
20,200,42,1.5,84,-8.01,20.01,-0.4,-82.45,-0.097,0.313,-0.486
20,200,42,1.5,63,-8.0,20.01,-0.4,-82.41,-0.097,0.312,-0.486
20,100,63,2.2,84,-8.71,21.73,-0.401,-89.13,-0.098,0.424,-0.032
20,100,63,2.2,63,-8.71,21.72,-0.401,-89.13,-0.098,0.424,-0.033
30,100,63,1.5,63,-9.52,22.01,-0.432,-86.31,-0.11,0.341,-0.167
30,100,63,1.5,21,-9.53,22.0,-0.433,-86.35,-0.11,0.339,-0.169
30,100,63,1.5,84,-9.54,22.02,-0.433,-86.32,-0.111,0.341,-0.166
30,100,10,1.5,63,-10.29,21.73,-0.473,-89.48,-0.115,0.391,0.066
30,100,10,1.5,84,-10.29,21.74,-0.473,-89.48,-0.115,0.392,0.067
30,100,10,1.5,21,-10.54,21.72,-0.485,-89.59,-0.118,0.389,0.065
20,200,42,1.8,21,-12.22,20.92,-0.584,-89.16,-0.137,0.336,-0.376
20,200,42,1.8,63,-12.31,20.92,-0.588,-89.31,-0.138,0.335,-0.377
20,200,42,1.8,84,-12.33,20.92,-0.589,-89.34,-0.138,0.335,-0.377
