Date,XAU CURNCY,CO1 COMDTY
2005-10-05,464.75,60.12
2005-10-06,473.45,58.37
2005-10-07,474.85,59.21
2005-10-10,475.25,58.78
2005-10-11,475.5,60.08
2005-10-12,470.9,60.57
2005-10-13,471.6,60.14
2005-10-14,469.7,59.35
2005-10-17,474.0,60.57
2005-10-18,472.2,59.28
2005-10-19,464.55,58.6
2005-10-20,461.2,57.91
2005-10-21,466.9,58.48
2005-10-24,465.25,58.24
2005-10-25,472.6,60.24
2005-10-26,470.95,58.87
2005-10-27,473.65,59.14
2005-10-28,473.5,59.42
2005-10-31,465.19,58.1
2005-11-01,459.15,58.37
2005-11-02,463.2,58.38
2005-11-03,461.1,60.52
2005-11-04,456.9,59.25
2005-11-07,459.6,58.04
2005-11-08,460.8,57.81
2005-11-09,467.1,56.88
2005-11-10,466.85,55.68
2005-11-11,468.7,54.99
2005-11-14,467.5,54.73
2005-11-15,468.53,54.05
2005-11-16,479.3,56.0
2005-11-17,486.0,54.85
2005-11-18,485.8,54.88
2005-11-21,491.76,55.34
2005-11-22,494.58,56.41
2005-11-23,492.5,56.21
2005-11-24,493.5,55.3
2005-11-25,496.08,55.01
2005-11-28,498.7,54.88
2005-11-29,499.8,54.32
2005-11-30,493.08,55.05
2005-12-01,503.9,56.15
2005-12-02,503.38,57.05
2005-12-05,509.4,57.73
2005-12-06,511.4,57.61
2005-12-07,515.2,56.98
2005-12-08,521.13,58.67
2005-12-09,526.4,57.31
2005-12-12,528.0,59.44
2005-12-13,518.7,59.52
2005-12-14,506.5,59.6
2005-12-15,502.98,59.85
2005-12-16,503.25,57.13
2005-12-19,503.8,56.11
2005-12-20,492.25,56.17
2005-12-21,495.33,56.72
2005-12-22,504.33,56.55
2005-12-23,502.8,56.69
2005-12-26,505.13,56.69
2005-12-27,507.9,56.29
2005-12-28,516.6,57.64
2005-12-29,516.9,58.07
2005-12-30,517.0,58.98
2006-01-02,516.88,58.98
2006-01-03,534.15,61.35
2006-01-04,534.4,61.68
2006-01-05,524.8,61.13
2006-01-06,539.95,62.72
2006-01-09,548.95,62.01
2006-01-10,542.5,61.92
2006-01-11,547.5,62.17
2006-01-12,546.4,62.62
2006-01-13,557.35,62.26
2006-01-16,562.2,62.93
2006-01-17,554.8,64.9
2006-01-18,542.95,64.19
2006-01-19,557.8,65.23
2006-01-20,554.5,66.43
2006-01-23,559.4,66.16
2006-01-24,558.6,65.34
2006-01-25,563.4,64.23
2006-01-26,560.65,64.92
2006-01-27,559.5,66.24
2006-01-30,568.35,66.59
2006-01-31,568.9,65.99
2006-02-01,569.35,65.03
2006-02-02,572.2,62.88
2006-02-03,568.9,63.39
2006-02-06,569.9,63.33
2006-02-07,548.45,61.56
2006-02-08,551.45,61.06
2006-02-09,564.4,60.75
2006-02-10,551.0,59.64
2006-02-13,540.35,59.38
2006-02-14,547.55,59.52
2006-02-15,539.95,58.15
2006-02-16,548.15,58.79
2006-02-17,552.1,59.89
2006-02-20,555.85,61.54
2006-02-21,554.35,61.6
2006-02-22,555.2,60.44
2006-02-23,548.85,60.54
2006-02-24,559.05,62.6
2006-02-27,553.95,60.99
2006-02-28,561.55,61.76
2006-03-01,562.95,62.45
2006-03-02,569.85,64.07
2006-03-03,565.4,64.18
2006-03-06,555.35,62.34
2006-03-07,552.7,61.17
2006-03-08,543.55,60.03
2006-03-09,546.05,61.06
2006-03-10,541.05,60.83
2006-03-13,545.9,62.2
2006-03-14,551.05,63.97
2006-03-15,552.95,62.94
2006-03-16,555.4,62.91
2006-03-17,554.1,63.26
2006-03-20,554.9,61.34
2006-03-21,552.1,62.13
2006-03-22,550.8,61.5
2006-03-23,549.8,63.27
2006-03-24,560.13,63.51
2006-03-27,567.3,63.61
2006-03-28,563.6,64.97
2006-03-29,573.6,65.55
2006-03-30,588.65,66.46
2006-03-31,583.65,65.91
2006-04-03,587.85,66.84
2006-04-04,586.7,66.39
2006-04-05,588.5,67.1
2006-04-06,595.3,67.84
2006-04-07,588.85,67.29
2006-04-10,599.75,68.75
2006-04-11,593.42,69.37
2006-04-12,598.38,69.42
2006-04-13,596.48,70.14
2006-04-14,603.0,70.14
2006-04-17,613.48,71.3
2006-04-18,621.08,71.85
2006-04-19,640.2,72.95
2006-04-20,612.5,72.87
2006-04-21,633.98,74.17
2006-04-24,620.7,73.86
2006-04-25,630.3,72.46
2006-04-26,638.63,72.44
2006-04-27,633.63,71.02
2006-04-28,654.43,72.5
2006-05-01,655.1,73.4
2006-05-02,668.8,74.87
2006-05-03,667.0,73.32
2006-05-04,679.7,70.39
2006-05-05,683.8,70.88
2006-05-08,678.7,69.33
2006-05-09,700.9,71.22
2006-05-10,707.9,70.82
2006-05-11,714.3,72.51
2006-05-12,714.8,72.18
2006-05-15,677.4,70.21
2006-05-16,690.4,70.24
2006-05-17,687.1,69.04
2006-05-18,682.3,69.67
2006-05-19,657.6,68.68
2006-05-22,656.05,69.35
2006-05-23,666.5,71.0
2006-05-24,640.7,69.22
2006-05-25,650.9,70.71
2006-05-26,653.7,70.59
2006-05-29,647.77,70.59
2006-05-30,652.9,71.05
2006-05-31,645.2,70.41
2006-06-01,629.6,69.39
2006-06-02,638.2,71.03
2006-06-05,637.15,71.37
2006-06-06,630.65,70.81
2006-06-07,626.45,69.19
2006-06-08,613.25,69.05
2006-06-09,607.45,70.48
2006-06-12,604.25,68.93
2006-06-13,562.05,66.92
2006-06-14,559.75,66.98
2006-06-15,577.05,67.43
2006-06-16,581.15,68.8
2006-06-19,565.25,68.11
2006-06-20,575.85,68.08
2006-06-21,587.55,69.17
2006-06-22,580.65,69.95
2006-06-23,583.05,69.93
2006-06-26,585.25,70.73
2006-06-27,579.05,70.98
2006-06-28,580.15,71.41
2006-06-29,599.65,72.88
2006-06-30,615.85,73.51
2006-07-03,623.5,73.39
2006-07-04,620.25,72.51
2006-07-05,628.15,73.98
2006-07-06,633.03,74.08
2006-07-07,629.25,73.51
2006-07-10,624.15,72.89
2006-07-11,641.45,73.67
2006-07-12,651.53,74.39
2006-07-13,660.05,76.69
2006-07-14,664.15,77.27
2006-07-17,643.03,75.92
2006-07-18,633.05,74.36
2006-07-19,642.75,73.9
2006-07-20,628.15,73.72
2006-07-21,619.75,73.75
2006-07-24,615.25,74.61
2006-07-25,619.13,73.28
2006-07-26,624.75,74.0
2006-07-27,634.35,75.01
2006-07-28,634.75,73.39
2006-07-31,636.75,75.15
2006-08-01,646.85,75.89
2006-08-02,651.25,76.89
2006-08-03,644.93,76.56
2006-08-04,646.5,76.17
2006-08-07,648.65,78.3
2006-08-08,642.55,77.55
2006-08-09,650.03,77.28
2006-08-10,636.25,75.28
2006-08-11,632.55,75.63
2006-08-14,626.7,74.3
2006-08-15,624.8,73.8
2006-08-16,629.05,73.08
2006-08-17,614.0,71.58
2006-08-18,614.9,72.3
2006-08-21,628.1,73.38
2006-08-22,625.0,73.24
2006-08-23,622.35,72.02
2006-08-24,621.4,72.68
2006-08-25,622.53,72.7
2006-08-28,614.78,70.82
2006-08-29,614.95,69.86
2006-08-30,619.28,70.18
2006-08-31,627.3,70.25
2006-09-01,625.45,69.15
2006-09-04,626.5,67.71
2006-09-05,638.3,68.09
2006-09-06,633.7,66.93
2006-09-07,616.8,66.53
2006-09-08,610.8,65.33
2006-09-11,589.75,64.55
2006-09-12,587.45,62.99
2006-09-13,590.2,62.99
2006-09-14,575.25,62.24
2006-09-15,579.34,63.33
2006-09-18,587.2,64.05
2006-09-19,573.65,62.17
2006-09-20,576.8,60.47
2006-09-21,584.2,61.34
2006-09-22,589.6,60.41
2006-09-25,590.8,60.8
2006-09-26,592.0,60.12
2006-09-27,603.1,62.21
2006-09-28,601.3,62.54
2006-09-29,598.3,62.48
2006-10-02,596.7,60.45
2006-10-03,574.5,58.43
2006-10-04,567.0,59.22
2006-10-05,574.3,60.0
2006-10-06,574.1,59.83
2006-10-09,577.1,60.54
2006-10-10,573.0,59.34
2006-10-11,573.0,58.65
2006-10-12,579.3,58.76
2006-10-13,590.4,59.52
2006-10-16,596.0,59.96
2006-10-17,590.1,60.94
2006-10-18,590.2,59.58
2006-10-19,599.4,60.87
2006-10-20,591.5,59.68
2006-10-23,581.95,59.21
2006-10-24,586.45,59.86
2006-10-25,591.05,62.05
2006-10-26,597.15,60.77
2006-10-27,599.95,61.08
2006-10-30,604.1,58.68
2006-10-31,606.6,59.03
2006-11-01,617.6,58.98
2006-11-02,624.7,57.87
2006-11-03,627.4,59.15
2006-11-06,623.2,59.75
2006-11-07,624.8,58.48
2006-11-08,615.8,59.59
2006-11-09,633.41,61.32
2006-11-10,628.56,59.71
2006-11-13,625.7,59.05
2006-11-14,620.88,58.84
2006-11-15,623.1,59.46
2006-11-16,618.25,58.54
2006-11-17,621.7,58.99
2006-11-20,622.9,58.98
2006-11-21,627.5,60.39
2006-11-22,630.3,59.49
2006-11-23,631.25,59.35
2006-11-24,638.2,60.03
2006-11-27,640.6,60.44
2006-11-28,640.0,61.21
2006-11-29,636.65,63.07
2006-11-30,648.0,64.26
2006-12-01,645.6,64.62
2006-12-04,646.2,63.45
2006-12-05,643.15,63.32
2006-12-06,630.95,63.07
2006-12-07,633.84,62.57
2006-12-08,625.15,62.2
2006-12-11,630.45,61.84
2006-12-12,630.05,61.52
2006-12-13,628.75,61.33
2006-12-14,625.85,62.12
2006-12-15,615.35,63.49
2006-12-18,616.25,62.13
2006-12-19,622.95,62.81
2006-12-20,620.45,63.23
2006-12-21,618.5,62.46
2006-12-22,621.01,62.42
2006-12-25,620.75,62.42
2006-12-26,624.7,61.1
2006-12-27,627.2,60.52
2006-12-28,634.9,60.67
2006-12-29,636.7,60.86
2007-01-01,636.8,60.86
2007-01-02,640.5,60.44
2007-01-03,627.5,57.96
2007-01-04,622.0,55.11
2007-01-05,607.4,55.64
2007-01-08,610.0,55.6
2007-01-09,613.7,55.18
2007-01-10,611.3,53.69
2007-01-11,611.6,51.7
2007-01-12,627.2,52.95
2007-01-15,626.7,53.12
2007-01-16,624.8,52.26
2007-01-17,631.8,52.78
2007-01-18,627.7,51.75
2007-01-19,635.4,53.44
2007-01-22,633.4,52.7
2007-01-23,646.7,55.1
2007-01-24,648.8,55.43
2007-01-25,646.1,54.12
2007-01-26,646.0,55.29
2007-01-29,643.7,53.68
2007-01-30,647.3,56.39
2007-01-31,653.2,57.4
2007-02-01,657.2,56.72
2007-02-02,647.85,58.41
2007-02-05,648.45,58.1
2007-02-06,653.3,58.42
2007-02-07,651.45,57.23
2007-02-08,660.45,59.03
2007-02-09,666.85,59.01
2007-02-12,661.1,56.6
2007-02-13,664.25,57.03
2007-02-14,669.13,57.43
2007-02-15,669.75,57.6
2007-02-16,669.05,58.95
2007-02-19,670.75,58.14
2007-02-20,657.25,57.98
2007-02-21,678.85,59.35
2007-02-22,677.45,60.62
2007-02-23,682.55,60.88
2007-02-26,686.55,61.33
2007-02-27,663.35,61.36
2007-02-28,669.35,61.89
2007-03-01,664.45,62.11
2007-03-02,642.45,62.08
2007-03-05,636.6,60.54
2007-03-06,646.5,61.39
2007-03-07,649.0,62.5
2007-03-08,651.8,62.33
2007-03-09,650.28,61.13
2007-03-12,650.5,60.74
2007-03-13,643.8,60.9
2007-03-14,644.7,61.06
2007-03-15,646.6,60.98
2007-03-16,653.4,60.3
2007-03-19,654.2,60.52
2007-03-20,658.8,60.2
2007-03-21,664.2,60.77
2007-03-22,664.0,62.51
2007-03-23,657.4,63.18
2007-03-26,664.1,64.41
2007-03-27,664.41,64.6
2007-03-28,665.56,65.78
2007-03-29,661.5,67.88
2007-03-30,663.8,68.1
2007-04-02,664.0,68.74
2007-04-03,663.95,67.81
2007-04-04,674.35,68.4
2007-04-05,674.45,68.24
2007-04-06,675.0,68.24
2007-04-09,670.75,66.59
2007-04-10,677.9,67.42
2007-04-11,677.3,67.84
2007-04-12,676.1,68.72
2007-04-13,685.52,68.97
2007-04-16,690.21,67.25
2007-04-17,686.55,65.93
2007-04-18,690.05,66.04
2007-04-19,682.95,65.94
2007-04-20,691.95,66.49
2007-04-23,689.15,68.15
2007-04-24,683.65,67.16
2007-04-25,686.25,68.57
2007-04-26,674.75,67.65
2007-04-27,681.55,68.41
2007-04-30,678.45,67.65
2007-05-01,673.45,67.0
2007-05-02,673.15,66.25
2007-05-03,682.35,66.05
2007-05-04,688.85,65.31
2007-05-07,688.75,64.44
2007-05-08,685.65,65.54
2007-05-09,680.55,65.2
2007-05-10,665.65,65.79
2007-05-11,670.85,66.83
2007-05-14,669.75,66.83
2007-05-15,672.05,68.11
2007-05-16,662.15,68.01
2007-05-17,657.65,70.27
2007-05-18,661.75,69.42
2007-05-21,663.25,70.49
2007-05-22,659.25,69.52
2007-05-23,661.85,70.6
2007-05-24,654.65,70.72
2007-05-25,656.0,70.69
2007-05-28,655.55,69.71
2007-05-29,656.85,68.13
2007-05-30,653.45,67.84
2007-05-31,660.5,68.04
2007-06-01,671.75,69.07
2007-06-04,671.15,70.4
2007-06-05,670.05,70.45
2007-06-06,670.75,71.02
2007-06-07,659.15,71.22
2007-06-08,648.85,68.6
2007-06-11,653.65,69.56
2007-06-12,647.25,68.79
2007-06-13,651.75,69.94
2007-06-14,651.95,70.96
2007-06-15,655.35,71.47
2007-06-18,656.35,72.18
2007-06-19,661.45,71.84
2007-06-20,654.55,70.42
2007-06-21,652.04,70.22
2007-06-22,654.3,71.18
2007-06-25,651.0,71.36
2007-06-26,640.9,70.17
2007-06-27,643.65,70.53
2007-06-28,648.95,70.52
2007-06-29,649.65,71.41
2007-07-02,657.25,72.63
2007-07-03,653.2,72.93
2007-07-04,654.2,73.05
2007-07-05,649.5,74.75
2007-07-06,655.9,75.62
2007-07-09,660.4,75.78
2007-07-10,663.3,76.4
2007-07-11,660.6,75.44
2007-07-12,666.8,76.4
2007-07-13,666.9,77.57
2007-07-16,664.9,77.33
2007-07-17,664.9,75.53
2007-07-18,673.0,76.76
2007-07-19,677.5,77.67
2007-07-20,683.4,77.64
2007-07-23,681.6,76.86
2007-07-24,681.0,75.08
2007-07-25,674.9,76.32
2007-07-26,662.9,75.18
2007-07-27,661.2,76.26
2007-07-30,665.0,75.74
2007-07-31,664.3,77.05
2007-08-01,666.9,75.35
2007-08-02,665.6,75.76
2007-08-03,673.0,74.75
2007-08-06,672.1,71.17
2007-08-07,672.4,71.8
2007-08-08,674.8,70.99
2007-08-09,662.1,70.21
2007-08-10,672.8,70.39
2007-08-13,669.5,70.23
2007-08-14,669.1,70.51
2007-08-15,667.7,71.64
2007-08-16,652.3,69.42
2007-08-17,657.8,70.44
2007-08-20,656.8,69.85
2007-08-21,657.3,68.69
2007-08-22,660.8,68.7
2007-08-23,660.1,69.86
2007-08-24,668.2,70.62
2007-08-27,667.6,70.95
2007-08-28,662.5,70.55
2007-08-29,667.5,72.13
2007-08-30,665.3,71.9
2007-08-31,673.3,72.69
2007-09-03,672.3,73.41
2007-09-04,681.8,73.92
2007-09-05,681.8,74.34
2007-09-06,695.4,74.77
2007-09-07,700.8,75.07
2007-09-10,703.1,75.48
2007-09-11,712.6,76.38
2007-09-12,711.6,77.68
2007-09-13,708.3,77.4
2007-09-14,707.6,76.22
2007-09-17,717.9,76.98
2007-09-18,723.5,77.59
2007-09-19,721.3,78.47
2007-09-20,733.8,79.09
2007-09-21,731.5,79.3
2007-09-24,730.5,78.91
2007-09-25,731.7,77.62
2007-09-26,728.8,77.43
2007-09-27,734.5,80.03
2007-09-28,743.6,79.17
2007-10-01,747.2,77.64
2007-10-02,731.6,77.38
2007-10-03,727.9,77.19
2007-10-04,738.0,78.97
2007-10-05,742.7,78.9
2007-10-08,733.3,76.58
2007-10-09,737.9,77.49
2007-10-10,741.1,78.6
2007-10-11,747.85,80.15
2007-10-12,749.85,80.55
2007-10-15,759.4,82.75
2007-10-16,760.5,84.16
2007-10-17,754.8,83.13
2007-10-18,768.2,84.6
2007-10-19,765.2,83.79
2007-10-22,754.2,83.27
2007-10-23,759.7,82.85
2007-10-24,763.7,84.37
2007-10-25,769.3,87.48
2007-10-26,785.2,88.69
2007-10-29,791.8,90.32
2007-10-30,782.1,87.44
2007-10-31,796.8,90.63
2007-11-01,787.3,89.72
2007-11-02,807.0,92.08
2007-11-05,806.5,90.49
2007-11-06,825.0,93.26
2007-11-07,831.1,93.24
2007-11-08,833.6,92.79
2007-11-09,832.0,93.18
2007-11-12,793.5,91.98
2007-11-13,802.0,88.83
2007-11-14,812.0,91.36
2007-11-15,788.3,90.94
2007-11-16,786.3,91.62
2007-11-19,782.0,92.28
2007-11-20,802.8,95.49
2007-11-21,800.22,94.84
2007-11-22,804.6,94.5
2007-11-23,823.8,95.76
2007-11-26,824.6,95.32
2007-11-27,812.6,92.52
2007-11-28,804.5,89.81
2007-11-29,793.4,90.22
2007-11-30,783.55,88.26
2007-12-03,794.3,89.8
2007-12-04,801.7,89.53
2007-12-05,795.4,88.49
2007-12-06,802.2,90.18
2007-12-07,794.8,88.64
2007-12-10,808.2,88.04
2007-12-11,797.1,89.99
2007-12-12,813.6,94.02
2007-12-13,797.3,92.12
2007-12-14,794.87,92.67
2007-12-17,793.3,91.29
2007-12-18,802.75,90.12
2007-12-19,802.3,91.48
2007-12-20,796.4,90.88
2007-12-21,811.8,92.46
2007-12-24,811.8,92.7
2007-12-25,807.0,92.7
2007-12-26,824.5,93.94
2007-12-27,825.6,94.78
2007-12-28,840.5,93.88
2007-12-31,833.7,93.85
2008-01-01,833.7,93.85
2008-01-02,857.5,97.84
2008-01-03,864.9,97.6
2008-01-04,859.6,96.79
2008-01-07,858.1,94.39
2008-01-08,878.0,95.54
2008-01-09,878.8,94.37
2008-01-10,893.3,92.22
2008-01-11,895.4,91.07
2008-01-14,904.0,92.92
2008-01-15,887.9,90.98
2008-01-16,877.0,89.75
2008-01-17,877.8,88.75
2008-01-18,883.1,89.23
2008-01-21,865.0,87.51
2008-01-22,892.3,88.45
2008-01-23,891.07,86.62
2008-01-24,912.9,89.07
2008-01-25,913.9,90.9
2008-01-28,928.38,91.38
2008-01-29,923.44,92.0
2008-01-30,929.4,92.53
2008-01-31,926.1,92.21
2008-02-01,905.3,89.44
2008-02-04,903.6,90.47
2008-02-05,888.2,88.82
2008-02-06,900.3,87.78
2008-02-07,910.7,88.51
2008-02-08,922.95,91.94
2008-02-11,923.45,93.53
2008-02-12,906.4,92.86
2008-02-13,906.6,93.32
2008-02-14,908.2,95.09
2008-02-15,902.5,94.63
2008-02-18,905.2,94.91
2008-02-19,927.8,98.56
2008-02-20,944.0,98.42
2008-02-21,946.1,96.24
2008-02-22,945.2,97.01
2008-02-25,939.6,97.69
2008-02-26,948.1,99.47
2008-02-27,957.9,98.27
2008-02-28,970.9,100.9
2008-02-29,973.9,100.1
2008-03-03,983.7,100.48
2008-03-04,964.0,97.52
2008-03-05,989.8,101.64
2008-03-06,979.0,102.61
2008-03-07,973.2,102.38
2008-03-10,972.9,104.16
2008-03-11,973.3,105.25
2008-03-12,982.9,106.27
2008-03-13,994.8,107.54
2008-03-14,1002.9,107.55
2008-03-17,1002.7,101.75
2008-03-18,981.4,105.56
2008-03-19,944.1,100.72
2008-03-20,910.4,100.38
2008-03-21,919.5,100.38
2008-03-24,915.3,99.86
2008-03-25,939.0,100.6
2008-03-26,954.0,103.99
2008-03-27,947.3,105.0
2008-03-28,931.4,103.77
2008-03-31,916.9,100.3
2008-04-01,882.7,100.17
2008-04-02,904.5,103.75
2008-04-03,902.9,102.52
2008-04-04,913.8,104.9
2008-04-07,920.0,107.14
2008-04-08,914.9,106.34
2008-04-09,934.0,108.47
2008-04-10,928.8,108.2
2008-04-11,925.3,108.75
2008-04-14,924.5,109.84
2008-04-15,927.9,111.31
2008-04-16,944.4,112.66
2008-04-17,938.8,112.43
2008-04-18,916.9,113.92
2008-04-21,914.2,114.43
2008-04-22,915.9,115.95
2008-04-23,904.25,116.46
2008-04-24,886.25,114.34
2008-04-25,886.3,116.34
2008-04-28,893.25,116.74
2008-04-29,870.5,113.43
2008-04-30,877.55,111.36
2008-05-01,852.7,110.5
2008-05-02,856.45,114.56
2008-05-05,874.2,117.99
2008-05-06,876.4,120.31
2008-05-07,868.75,122.32
2008-05-08,881.85,122.84
2008-05-09,884.85,125.4
2008-05-12,882.7,122.91
2008-05-13,866.95,124.1
2008-05-14,864.0,121.86
2008-05-15,881.65,121.25
2008-05-16,902.4,124.99
2008-05-19,905.2,125.06
2008-05-20,919.25,127.84
2008-05-21,932.55,132.7
2008-05-22,921.85,130.51
2008-05-23,925.1,131.57
2008-05-26,929.1,132.37
2008-05-27,906.45,128.31
2008-05-28,900.9,130.93
2008-05-29,877.9,126.89
2008-05-30,886.5,127.78
2008-06-02,891.4,128.02
2008-06-03,880.55,124.58
2008-06-04,879.45,122.1
2008-06-05,877.2,127.54
2008-06-06,902.25,137.69
2008-06-09,892.93,133.91
2008-06-10,867.0,131.02
2008-06-11,880.35,135.02
2008-06-12,868.2,136.09
2008-06-13,871.55,134.25
2008-06-16,882.4,134.71
2008-06-17,882.75,133.72
2008-06-18,894.35,136.44
2008-06-19,898.5,132.0
2008-06-20,902.3,134.86
2008-06-23,883.8,135.91
2008-06-24,889.6,136.46
2008-06-25,886.4,134.33
2008-06-26,917.3,139.83
2008-06-27,927.8,140.31
2008-06-30,925.4,139.83
2008-07-01,939.65,140.67
2008-07-02,945.15,144.26
2008-07-03,934.17,146.08
2008-07-04,933.3,144.42
2008-07-07,925.82,141.87
2008-07-08,919.6,136.43
2008-07-09,928.6,136.58
2008-07-10,947.15,142.03
2008-07-11,964.2,144.49
2008-07-14,972.6,143.92
2008-07-15,977.5,138.75
2008-07-16,959.95,136.19
2008-07-17,957.45,131.07
2008-07-18,955.0,130.19
2008-07-21,965.55,132.61
2008-07-22,946.35,129.55
2008-07-23,920.85,125.29
2008-07-24,928.05,126.44
2008-07-25,929.85,124.52
2008-07-28,930.6,125.84
2008-07-29,918.9,122.71
2008-07-30,906.1,127.1
2008-07-31,914.1,123.98
2008-08-01,910.95,124.18
2008-08-04,894.8,120.68
2008-08-05,874.4,117.7
2008-08-06,879.8,117.0
2008-08-07,873.07,117.86
2008-08-08,856.6,113.33
2008-08-11,823.82,112.67
2008-08-12,812.93,111.15
2008-08-13,826.8,113.47
2008-08-14,806.05,112.64
2008-08-15,787.7,112.55
2008-08-18,800.07,111.94
2008-08-19,814.2,113.25
2008-08-20,813.55,114.36
2008-08-21,836.88,120.16
2008-08-22,823.03,113.92
2008-08-25,821.95,114.03
2008-08-26,824.93,114.63
2008-08-27,826.9,116.22
2008-08-28,834.03,114.17
2008-08-29,831.15,114.05
2008-09-01,817.68,109.41
2008-09-02,805.35,108.34
2008-09-03,801.3,108.06
2008-09-04,796.45,106.3
2008-09-05,803.5,104.09
2008-09-08,802.3,103.44
2008-09-09,777.25,100.34
2008-09-10,752.45,98.97
2008-09-11,746.85,97.64
2008-09-12,765.5,97.58
2008-09-15,786.65,92.38
2008-09-16,779.73,89.22
2008-09-17,863.85,94.84
2008-09-18,852.8,95.19
2008-09-19,873.55,99.61
2008-09-22,897.0,106.04
2008-09-23,892.15,103.08
2008-09-24,883.0,102.45
2008-09-25,877.83,104.6
2008-09-26,878.75,103.54
2008-09-29,908.75,93.98
2008-09-30,870.95,98.17
2008-10-01,870.87,95.33
2008-10-02,836.45,90.56
2008-10-03,835.58,90.25
2008-10-06,859.75,83.68
2008-10-07,887.1,84.66
2008-10-08,907.62,84.36
2008-10-09,913.25,82.66
2008-10-10,850.1,74.09
2008-10-13,833.07,77.46
2008-10-14,836.85,74.53
2008-10-15,847.28,70.8
2008-10-16,804.6,66.32
2008-10-17,783.35,69.6
2008-10-20,796.93,72.03
2008-10-21,771.65,69.72
2008-10-22,730.5,64.52
2008-10-23,721.37,65.92
2008-10-24,734.7,62.05
2008-10-27,730.8,61.41
2008-10-28,746.95,60.29
2008-10-29,754.95,65.47
2008-10-30,738.75,63.71
2008-10-31,723.85,65.32
2008-11-03,723.55,60.48
2008-11-04,763.27,66.44
2008-11-05,740.45,61.87
2008-11-06,732.8,57.43
2008-11-07,736.65,57.35
2008-11-10,746.2,59.08
2008-11-11,731.65,55.71
2008-11-12,712.25,52.37
2008-11-13,736.5,51.99
2008-11-14,742.1,54.24
2008-11-17,738.05,52.31
2008-11-18,738.2,51.84
2008-11-19,734.62,51.72
2008-11-20,746.6,48.08
2008-11-21,800.45,49.19
2008-11-24,821.62,53.93
2008-11-25,821.03,50.35
2008-11-26,812.9,53.92
2008-11-27,816.2,53.13
2008-11-28,818.05,53.49
2008-12-01,768.95,47.97
2008-12-02,782.37,45.44
2008-12-03,773.95,45.44
2008-12-04,767.0,42.28
2008-12-05,756.45,39.74
2008-12-08,772.7,43.42
2008-12-09,776.93,41.53
2008-12-10,810.6,42.4
2008-12-11,821.35,47.39
2008-12-12,822.4,46.41
2008-12-15,838.45,44.6
2008-12-16,858.1,44.56
2008-12-17,867.9,45.53
2008-12-18,853.05,43.36
2008-12-19,838.25,44.0
2008-12-22,848.05,41.45
2008-12-23,840.2,40.36
2008-12-24,848.0,36.61
2008-12-25,842.0,36.61
2008-12-26,869.3,38.37
2008-12-29,880.28,40.55
2008-12-30,873.73,40.15
2008-12-31,882.05,45.59
2009-01-01,881.45,45.59
2009-01-02,875.4,46.91
2009-01-05,859.48,49.62
2009-01-06,863.9,50.53
2009-01-07,842.98,45.86
2009-01-08,857.4,44.67
2009-01-09,854.2,44.42
2009-01-12,821.0,42.91
2009-01-13,822.0,44.83
2009-01-14,811.7,45.08
2009-01-15,817.8,44.69
2009-01-16,843.15,46.57
2009-01-19,835.9,44.5
2009-01-20,857.33,43.62
2009-01-21,854.2,45.02
2009-01-22,856.98,45.39
2009-01-23,899.78,48.37
2009-01-26,903.37,46.96
2009-01-27,899.15,43.73
2009-01-28,887.47,44.9
2009-01-29,908.65,45.4
2009-01-30,927.85,45.88
2009-02-02,905.0,43.82
2009-02-03,900.35,44.08
2009-02-04,905.85,44.15
2009-02-05,914.55,46.46
2009-02-06,911.5,46.21
2009-02-09,894.5,46.02
2009-02-10,915.4,44.61
2009-02-11,938.85,44.28
2009-02-12,946.75,44.65
2009-02-13,941.7,44.81
2009-02-16,941.75,43.28
2009-02-17,970.25,41.03
2009-02-18,984.55,39.55
2009-02-19,974.7,41.99
2009-02-20,992.9,41.89
2009-02-23,991.65,40.99
2009-02-24,962.45,42.5
2009-02-25,953.48,44.29
2009-02-26,945.82,46.51
2009-02-27,942.32,46.35
2009-03-02,926.0,42.21
2009-03-03,916.07,43.7
2009-03-04,906.5,46.12
2009-03-05,932.4,43.64
2009-03-06,939.37,44.85
2009-03-09,922.35,44.13
2009-03-10,898.15,43.96
2009-03-11,909.25,41.4
2009-03-12,927.15,45.09
2009-03-13,929.73,44.93
2009-03-16,923.07,43.98
2009-03-17,915.2,48.24
2009-03-18,942.0,47.66
2009-03-19,959.85,50.67
2009-03-20,952.23,51.22
2009-03-23,939.5,53.47
2009-03-24,925.75,53.5
2009-03-25,934.2,51.75
2009-03-26,934.45,53.46
2009-03-27,923.15,51.98
2009-03-30,917.3,47.99
2009-03-31,919.35,49.23
2009-04-01,927.4,48.44
2009-04-02,904.05,52.75
2009-04-03,893.15,53.47
2009-04-06,868.9,52.24
2009-04-07,881.05,51.22
2009-04-08,880.5,51.59
2009-04-09,879.35,54.06
2009-04-10,881.65,54.06
2009-04-13,893.85,52.14
2009-04-14,890.45,51.96
2009-04-15,891.03,51.79
2009-04-16,875.65,53.06
2009-04-17,868.85,53.35
2009-04-20,884.5,49.86
2009-04-21,883.8,49.82
2009-04-22,889.75,49.81
2009-04-23,904.28,50.11
2009-04-24,912.83,51.67
2009-04-27,906.48,50.32
2009-04-28,893.38,49.99
2009-04-29,898.0,50.78
2009-04-30,888.2,50.8
2009-05-01,886.55,52.85
2009-05-04,902.15,54.58
2009-05-05,897.15,54.12
2009-05-06,911.35,56.15
2009-05-07,910.82,56.47
2009-05-08,916.65,58.14
2009-05-11,913.6,57.48
2009-05-12,923.3,57.94
2009-05-13,926.33,57.34
2009-05-14,926.5,56.69
2009-05-15,931.78,55.98
2009-05-18,918.25,58.47
2009-05-19,924.98,58.92
2009-05-20,938.65,60.59
2009-05-21,953.78,59.93
2009-05-22,957.35,60.78
2009-05-25,958.8,60.21
2009-05-26,952.0,61.24
2009-05-27,949.8,62.5
2009-05-28,959.43,64.39
2009-05-29,979.18,65.52
2009-06-01,975.05,67.97
2009-06-02,981.85,68.17
2009-06-03,963.05,65.88
2009-06-04,980.28,68.71
2009-06-05,955.33,68.34
2009-06-08,951.85,67.88
2009-06-09,954.55,69.62
2009-06-10,954.5,70.8
2009-06-11,954.93,71.79
2009-06-12,939.3,70.92
2009-06-15,928.3,69.44
2009-06-16,934.8,70.24
2009-06-17,938.6,70.85
2009-06-18,933.2,71.06
2009-06-19,934.03,69.19
2009-06-22,922.73,66.98
2009-06-23,925.9,68.8
2009-06-24,931.43,68.33
2009-06-25,939.25,69.78
2009-06-26,939.6,68.92
2009-06-29,937.95,70.99
2009-06-30,926.5,69.3
2009-07-01,940.8,68.79
2009-07-02,929.8,66.65
2009-07-03,932.5,65.61
2009-07-06,925.1,64.05
2009-07-07,924.68,63.23
2009-07-08,909.5,60.43
2009-07-09,912.28,61.1
2009-07-10,913.05,60.52
2009-07-13,920.3,60.69
2009-07-14,925.68,60.86
2009-07-15,939.1,63.09
2009-07-16,937.4,62.75
2009-07-17,937.5,65.38
2009-07-20,948.75,66.44
2009-07-21,948.53,66.87
2009-07-22,951.25,67.21
2009-07-23,949.2,69.25
2009-07-24,951.35,70.32
2009-07-27,953.82,70.81
2009-07-28,937.58,69.88
2009-07-29,930.0,66.53
2009-07-30,934.4,70.11
2009-07-31,954.0,71.7
2009-08-03,956.8,73.55
2009-08-04,966.83,74.28
2009-08-05,963.58,75.51
2009-08-06,963.15,74.83
2009-08-07,954.95,73.59
2009-08-10,946.42,73.5
2009-08-11,946.1,72.46
2009-08-12,947.1,72.89
2009-08-13,954.87,73.48
2009-08-14,948.67,72.41
2009-08-17,934.68,70.54
2009-08-18,938.65,72.37
2009-08-19,941.97,74.59
2009-08-20,940.65,73.33
2009-08-21,953.78,74.19
2009-08-24,941.55,74.26
2009-08-25,944.75,71.82
2009-08-26,945.55,71.65
2009-08-27,948.08,72.51
2009-08-28,955.1,72.79
2009-08-31,951.19,69.65
2009-09-01,956.47,67.73
2009-09-02,978.55,67.66
2009-09-03,991.85,67.12
2009-09-04,994.4,66.82
2009-09-07,995.25,66.53
2009-09-08,995.5,69.42
2009-09-09,992.3,69.83
2009-09-10,996.6,69.86
2009-09-11,1005.3,67.69
2009-09-14,1000.2,67.44
2009-09-15,1007.55,67.35
2009-09-16,1017.08,71.67
2009-09-17,1013.63,71.55
2009-09-18,1007.47,71.32
2009-09-21,1003.7,68.69
2009-09-22,1014.4,70.53
2009-09-23,1008.28,67.99
2009-09-24,993.93,64.82
2009-09-25,990.9,65.11
2009-09-28,990.98,65.54
2009-09-29,992.3,65.49
2009-09-30,1007.7,69.07
2009-10-01,999.15,69.19
2009-10-02,1002.75,68.07
2009-10-05,1017.3,68.04
2009-10-06,1042.1,68.56
2009-10-07,1044.05,67.2
2009-10-08,1055.11,69.77
2009-10-09,1049.25,70.0
2009-10-12,1057.03,71.36
2009-10-13,1064.2,72.4
2009-10-14,1062.25,73.1
2009-10-15,1050.4,74.45
2009-10-16,1053.55,76.99
2009-10-19,1064.2,77.77
2009-10-20,1055.03,77.24
2009-10-21,1058.9,79.69
2009-10-22,1060.0,79.51
2009-10-23,1055.45,78.92
2009-10-26,1038.65,77.26
2009-10-27,1040.0,77.92
2009-10-28,1028.1,75.86
2009-10-29,1046.95,78.04
2009-10-30,1045.45,75.2
2009-11-02,1059.5,76.55
2009-11-03,1084.23,78.11
2009-11-04,1092.05,78.89
2009-11-05,1090.35,77.99
2009-11-06,1095.2,75.87
2009-11-09,1104.1,77.77
2009-11-10,1105.85,77.5
2009-11-11,1117.3,77.95
2009-11-12,1103.6,76.02
2009-11-13,1118.65,75.55
2009-11-16,1139.3,78.76
2009-11-17,1141.38,78.97
2009-11-18,1145.6,79.47
2009-11-19,1144.6,77.64
2009-11-20,1150.6,77.2
2009-11-23,1166.0,77.46
2009-11-24,1169.41,76.46
2009-11-25,1191.66,78.44
2009-11-26,1193.06,76.99
2009-11-27,1177.63,77.18
2009-11-30,1179.63,78.47
2009-12-01,1196.51,79.35
2009-12-02,1215.85,77.88
2009-12-03,1207.45,78.36
2009-12-04,1161.43,77.52
2009-12-07,1158.1,76.43
2009-12-08,1128.4,75.19
2009-12-09,1128.6,72.39
2009-12-10,1131.03,71.86
2009-12-11,1115.38,71.88
2009-12-14,1126.78,71.89
2009-12-15,1125.1,72.05
2009-12-16,1137.9,73.55
2009-12-17,1098.9,73.37
2009-12-18,1113.2,73.75
2009-12-21,1093.45,72.99
2009-12-22,1083.9,73.46
2009-12-23,1087.65,75.45
2009-12-24,1105.5,76.31
2009-12-25,1105.45,76.31
2009-12-28,1107.1,77.32
2009-12-29,1096.83,77.64
2009-12-30,1092.9,78.03
2009-12-31,1096.98,77.93
2010-01-01,1097.35,77.93
2010-01-04,1121.28,80.12
2010-01-05,1118.05,80.59
2010-01-06,1138.25,81.89
2010-01-07,1131.75,81.51
2010-01-08,1138.23,81.37
2010-01-11,1151.85,80.97
2010-01-12,1128.48,79.3
2010-01-13,1138.18,78.31
2010-01-14,1142.75,77.82
2010-01-15,1130.93,77.11
2010-01-18,1134.1,77.1
2010-01-19,1138.35,77.63
2010-01-20,1111.3,76.32
2010-01-21,1094.05,74.58
2010-01-22,1093.23,72.83
2010-01-25,1098.4,73.69
2010-01-26,1097.65,73.29
2010-01-27,1087.95,72.24
2010-01-28,1086.95,72.13
2010-01-29,1081.2,71.46
2010-02-01,1105.55,73.11
2010-02-02,1114.45,76.06
2010-02-03,1109.8,75.92
2010-02-04,1063.53,72.13
2010-02-05,1066.25,69.59
2010-02-08,1062.85,70.11
2010-02-09,1078.1,72.13
2010-02-10,1072.1,72.54
2010-02-11,1095.47,73.05
2010-02-12,1097.1,72.9
2010-02-15,1100.9,72.51
2010-02-16,1119.4,75.68
2010-02-17,1106.85,76.27
2010-02-18,1109.0,77.78
2010-02-19,1119.2,78.19
2010-02-22,1114.28,78.61
2010-02-23,1103.33,77.25
2010-02-24,1097.63,78.09
2010-02-25,1106.2,76.29
2010-02-26,1117.59,77.59
2010-03-01,1118.85,76.89
2010-03-02,1134.65,78.18
2010-03-03,1139.95,79.25
2010-03-04,1132.1,78.54
2010-03-05,1134.9,79.89
2010-03-08,1123.63,80.47
2010-03-09,1121.85,79.91
2010-03-10,1108.5,80.48
2010-03-11,1109.55,80.28
2010-03-12,1101.85,79.39
2010-03-15,1108.45,77.89
2010-03-16,1127.78,79.02
2010-03-17,1120.43,81.96
2010-03-18,1127.4,81.48
2010-03-19,1107.05,79.88
2010-03-22,1102.2,80.54
2010-03-23,1105.18,80.7
2010-03-24,1086.7,79.62
2010-03-25,1090.5,79.61
2010-03-26,1107.25,79.29
2010-03-29,1109.78,81.17
2010-03-30,1103.55,81.28
2010-03-31,1113.25,82.7
2010-04-01,1126.78,84.01
2010-04-02,1123.8,84.01
2010-04-05,1131.85,85.88
2010-04-06,1134.28,86.15
2010-04-07,1149.4,85.59
2010-04-08,1150.61,84.81
2010-04-09,1161.75,84.83
2010-04-12,1156.3,84.77
2010-04-13,1150.68,84.72
2010-04-14,1155.4,86.15
2010-04-15,1159.26,87.17
2010-04-16,1137.41,85.99
2010-04-19,1135.75,84.23
2010-04-20,1140.76,84.8
2010-04-21,1146.78,85.7
2010-04-22,1141.58,85.67
2010-04-23,1157.73,87.25
2010-04-26,1153.53,86.83
2010-04-27,1167.95,85.78
2010-04-28,1165.78,86.16
2010-04-29,1167.03,86.9
2010-04-30,1179.03,87.44
2010-05-03,1182.23,88.94
2010-05-04,1171.01,85.67
2010-05-05,1175.08,82.61
2010-05-06,1208.7,79.83
2010-05-07,1208.4,78.27
2010-05-10,1203.14,80.12
2010-05-11,1232.7,80.49
2010-05-12,1239.0,81.2
2010-05-13,1232.65,80.11
2010-05-14,1232.98,77.18
2010-05-17,1222.3,75.1
2010-05-18,1225.18,74.43
2010-05-19,1193.73,73.69
2010-05-20,1182.45,71.84
2010-05-21,1177.08,71.68
2010-05-24,1191.73,71.17
2010-05-25,1204.35,69.55
2010-05-26,1211.7,71.74
2010-05-27,1212.63,74.66
2010-05-28,1214.73,74.02
2010-05-31,1216.3,74.65
2010-06-01,1225.78,72.71
2010-06-02,1223.55,73.75
2010-06-03,1206.55,75.41
2010-06-04,1220.03,72.09
2010-06-07,1240.35,72.12
2010-06-08,1236.58,72.3
2010-06-09,1233.4,74.27
2010-06-10,1216.53,75.29
2010-06-11,1226.58,74.35
2010-06-14,1221.15,75.2
2010-06-15,1234.25,76.2
2010-06-16,1229.1,78.14
2010-06-17,1245.16,78.68
2010-06-18,1256.8,78.22
2010-06-21,1233.65,78.82
2010-06-22,1239.9,78.04
2010-06-23,1237.33,76.27
2010-06-24,1243.35,76.47
2010-06-25,1255.68,78.12
2010-06-28,1238.94,77.59
2010-06-29,1240.58,75.44
2010-06-30,1242.38,75.01
2010-07-01,1198.69,72.34
2010-07-02,1211.65,71.65
2010-07-05,1208.93,71.47
2010-07-06,1192.6,71.45
2010-07-07,1202.78,73.51
2010-07-08,1198.25,74.71
2010-07-09,1211.71,75.42
2010-07-12,1196.85,74.37
2010-07-13,1212.3,76.65
2010-07-14,1208.47,76.77
2010-07-15,1208.3,76.19
2010-07-16,1193.0,75.37
2010-07-19,1182.93,75.62
2010-07-20,1192.2,76.22
2010-07-21,1185.0,75.37
2010-07-22,1194.98,77.82
2010-07-23,1189.14,77.45
2010-07-26,1183.5,77.5
2010-07-27,1161.6,76.13
2010-07-28,1163.1,76.06
2010-07-29,1168.1,77.59
2010-07-30,1181.0,78.18
2010-08-02,1182.75,80.82
2010-08-03,1186.25,82.68
2010-08-04,1194.83,82.2
2010-08-05,1194.96,81.61
2010-08-06,1205.4,80.16
2010-08-09,1201.23,80.99
2010-08-10,1204.3,79.6
2010-08-11,1198.15,77.64
2010-08-12,1213.95,75.52
2010-08-13,1215.43,75.11
2010-08-16,1225.35,74.85
2010-08-17,1224.83,76.93
2010-08-18,1229.3,76.47
2010-08-19,1231.96,75.3
2010-08-20,1227.89,74.26
2010-08-23,1226.15,73.62
2010-08-24,1230.5,72.38
2010-08-25,1240.15,73.48
2010-08-26,1237.6,75.02
2010-08-27,1237.83,76.65
2010-08-30,1237.0,76.6
2010-08-31,1247.4,74.64
2010-09-01,1244.3,76.35
2010-09-02,1251.06,76.93
2010-09-03,1246.55,76.67
2010-09-06,1249.95,76.87
2010-09-07,1255.7,77.74
2010-09-08,1254.95,78.17
2010-09-09,1243.6,77.47
2010-09-10,1245.98,78.16
2010-09-13,1245.55,79.03
2010-09-14,1268.33,79.16
2010-09-15,1268.15,78.91
2010-09-16,1275.25,78.48
2010-09-17,1274.18,78.21
2010-09-20,1278.25,79.32
2010-09-21,1287.38,78.42
2010-09-22,1291.41,77.95
2010-09-23,1292.4,78.11
2010-09-24,1296.63,78.87
2010-09-27,1294.5,78.57
2010-09-28,1308.95,78.71
2010-09-29,1309.8,80.77
2010-09-30,1308.54,82.31
2010-10-01,1319.03,83.75
2010-10-04,1315.35,83.28
2010-10-05,1340.54,84.84
2010-10-06,1349.01,85.06
2010-10-07,1333.55,83.43
2010-10-08,1346.85,84.03
2010-10-11,1354.15,83.72
2010-10-12,1350.55,83.5
2010-10-13,1372.28,84.64
2010-10-14,1381.25,84.53
2010-10-15,1368.4,82.45
2010-10-18,1368.6,84.37
2010-10-19,1332.0,81.1
2010-10-20,1346.04,83.6
2010-10-21,1325.72,81.83
2010-10-22,1328.55,82.96
2010-10-25,1339.91,83.54
2010-10-26,1340.54,83.66
2010-10-27,1325.3,83.23
2010-10-28,1343.91,83.59
2010-10-29,1359.4,83.15
2010-11-01,1353.83,84.62
2010-11-02,1357.5,85.41
2010-11-03,1348.54,86.38
2010-11-04,1392.53,88.0
2010-11-05,1393.63,88.11
2010-11-08,1409.43,88.46
2010-11-09,1393.14,88.33
2010-11-10,1403.98,88.96
2010-11-11,1408.8,88.81
2010-11-12,1368.75,86.34
2010-11-15,1360.58,86.7
2010-11-16,1339.63,84.73
2010-11-17,1336.05,83.28
2010-11-18,1353.43,85.05
2010-11-19,1353.63,84.34
2010-11-22,1366.8,83.96
2010-11-23,1376.45,83.25
2010-11-24,1373.31,85.84
2010-11-25,1375.35,86.1
2010-11-26,1363.8,85.58
2010-11-29,1366.31,87.34
2010-11-30,1386.23,85.92
2010-12-01,1387.9,88.87
2010-12-02,1385.15,90.69
2010-12-03,1414.08,91.42
2010-12-06,1423.75,91.45
2010-12-07,1402.08,91.39
2010-12-08,1382.03,90.77
2010-12-09,1387.11,90.99
2010-12-10,1386.13,90.48
2010-12-13,1394.13,91.19
2010-12-14,1396.2,91.21
2010-12-15,1380.84,92.2
2010-12-16,1370.18,91.71
2010-12-17,1375.38,91.67
2010-12-20,1385.3,92.74
2010-12-21,1385.6,93.2
2010-12-22,1385.3,93.65
2010-12-23,1380.0,94.25
2010-12-24,1384.65,93.77
2010-12-27,1383.78,93.85
2010-12-28,1405.95,94.38
2010-12-29,1411.78,94.14
2010-12-30,1404.65,93.09
2010-12-31,1421.4,94.75
2011-01-03,1414.8,94.84
2011-01-04,1380.5,93.53
2011-01-05,1378.25,95.5
2011-01-06,1371.56,94.52
2011-01-07,1369.54,93.33
2011-01-10,1375.71,95.7
2011-01-11,1381.58,97.61
2011-01-12,1387.9,98.12
2011-01-13,1373.6,98.06
2011-01-14,1361.85,98.68
2011-01-17,1361.61,97.43
2011-01-18,1368.34,97.8
2011-01-19,1369.86,98.16
2011-01-20,1346.25,96.58
2011-01-21,1342.68,97.6
2011-01-24,1334.4,96.61
2011-01-25,1332.43,95.25
2011-01-26,1346.0,97.91
2011-01-27,1313.53,97.39
2011-01-28,1336.78,99.42
2011-01-31,1332.68,101.01
2011-02-01,1341.4,101.74
2011-02-02,1335.25,102.34
2011-02-03,1354.35,101.76
2011-02-04,1348.93,99.83
2011-02-07,1351.28,99.25
2011-02-08,1363.98,99.92
2011-02-09,1363.73,101.82
2011-02-10,1363.8,100.87
2011-02-11,1356.95,101.43
2011-02-14,1361.78,103.08
2011-02-15,1373.85,101.64
2011-02-16,1374.39,103.78
2011-02-17,1384.08,102.59
2011-02-18,1389.99,102.52
2011-02-21,1406.45,105.74
2011-02-22,1399.14,105.78
2011-02-23,1411.64,111.25
2011-02-24,1402.66,111.36
2011-02-25,1410.65,112.14
2011-02-28,1411.33,111.8
2011-03-01,1433.38,115.42
2011-03-02,1434.4,116.35
2011-03-03,1415.88,114.79
2011-03-04,1430.95,115.97
2011-03-07,1432.05,115.04
2011-03-08,1428.88,113.06
2011-03-09,1430.75,115.94
2011-03-10,1411.85,115.43
2011-03-11,1417.65,113.84
2011-03-14,1426.43,113.67
2011-03-15,1395.7,108.52
2011-03-16,1399.03,110.62
2011-03-17,1403.81,114.9
2011-03-18,1418.56,113.93
2011-03-21,1427.79,114.96
2011-03-22,1427.85,115.7
2011-03-23,1437.43,115.55
2011-03-24,1430.43,115.72
2011-03-25,1429.88,115.59
2011-03-28,1420.3,114.8
2011-03-29,1418.45,115.16
2011-03-30,1422.98,115.13
2011-03-31,1432.2,117.36
2011-04-01,1428.73,118.7
2011-04-04,1434.03,121.06
2011-04-05,1455.85,122.22
2011-04-06,1459.75,122.3
2011-04-07,1458.2,122.67
2011-04-08,1474.91,126.65
2011-04-11,1463.15,123.98
2011-04-12,1452.98,120.92
2011-04-13,1457.36,122.88
2011-04-14,1474.15,122.36
2011-04-15,1486.88,123.45
2011-04-18,1495.3,121.61
2011-04-19,1496.4,121.33
2011-04-20,1502.4,123.85
2011-04-21,1504.88,123.99
2011-04-22,1507.04,123.99
2011-04-25,1507.23,123.66
2011-04-26,1506.25,124.14
2011-04-27,1527.05,125.13
2011-04-28,1536.2,125.02
2011-04-29,1563.7,125.89
2011-05-02,1545.45,125.12
2011-05-03,1535.9,122.45
2011-05-04,1516.22,121.19
2011-05-05,1474.3,110.8
2011-05-06,1495.58,109.13
2011-05-09,1513.73,115.9
2011-05-10,1516.26,117.63
2011-05-11,1501.41,112.57
2011-05-12,1505.88,112.98
2011-05-13,1495.15,113.83
2011-05-16,1489.33,112.73
2011-05-17,1486.7,109.99
2011-05-18,1496.98,112.3
2011-05-19,1493.28,111.42
2011-05-20,1512.23,112.39
2011-05-23,1517.1,110.1
2011-05-24,1526.64,112.53
2011-05-25,1525.35,114.93
2011-05-26,1519.2,115.05
2011-05-27,1536.4,115.03
2011-05-30,1538.46,114.68
2011-05-31,1535.73,116.73
2011-06-01,1539.83,114.53
2011-06-02,1533.65,115.54
2011-06-03,1542.28,115.84
2011-06-06,1544.58,114.48
2011-06-07,1544.13,116.78
2011-06-08,1537.6,117.85
2011-06-09,1543.98,119.57
2011-06-10,1531.27,118.78
2011-06-13,1515.65,119.1
2011-06-14,1523.98,120.16
2011-06-15,1530.98,117.1
2011-06-16,1529.58,114.02
2011-06-17,1539.4,113.21
2011-06-20,1540.6,111.69
2011-06-21,1546.28,110.95
2011-06-22,1548.95,114.21
2011-06-23,1521.4,107.26
2011-06-24,1502.55,105.12
2011-06-27,1497.93,105.99
2011-06-28,1501.25,108.78
2011-06-29,1512.33,112.4
2011-06-30,1500.18,112.48
2011-07-01,1487.43,111.77
2011-07-04,1496.2,111.39
2011-07-05,1515.7,113.61
2011-07-06,1528.98,113.62
2011-07-07,1532.36,118.59
2011-07-08,1544.15,118.33
2011-07-11,1553.48,117.24
2011-07-12,1567.76,117.75
2011-07-13,1582.38,118.78
2011-07-14,1587.23,118.32
2011-07-15,1593.6,117.26
2011-07-18,1604.79,116.05
2011-07-19,1588.5,117.06
2011-07-20,1600.4,118.15
2011-07-21,1590.55,117.51
2011-07-22,1601.33,118.67
2011-07-25,1614.02,117.94
2011-07-26,1619.32,118.28
2011-07-27,1613.47,117.43
2011-07-28,1615.95,117.36
2011-07-29,1627.05,116.74
2011-08-01,1619.38,116.81
2011-08-02,1659.4,116.46
2011-08-03,1661.72,113.23
2011-08-04,1646.52,107.25
2011-08-05,1663.95,109.37
2011-08-08,1719.45,103.74
2011-08-09,1740.95,102.57
2011-08-10,1793.27,106.68
2011-08-11,1763.92,108.02
2011-08-12,1746.68,108.03
2011-08-15,1766.02,109.91
2011-08-16,1785.55,109.47
2011-08-17,1791.25,110.6
2011-08-18,1823.9,106.99
2011-08-19,1852.07,108.62
2011-08-22,1897.46,108.36
2011-08-23,1828.63,109.31
2011-08-24,1759.13,110.15
2011-08-25,1774.45,110.62
2011-08-26,1827.15,111.36
2011-08-29,1788.4,111.88
2011-08-30,1835.52,114.02
2011-08-31,1825.55,114.85
2011-09-01,1826.1,114.29
2011-09-02,1882.96,112.33
2011-09-05,1900.2,110.08
2011-09-06,1875.25,112.89
2011-09-07,1817.71,115.8
2011-09-08,1870.2,114.55
2011-09-09,1855.57,112.77
2011-09-12,1815.25,112.25
2011-09-13,1833.67,111.89
2011-09-14,1819.8,112.4
2011-09-15,1788.72,115.34
2011-09-16,1811.38,112.22
2011-09-19,1778.85,109.14
2011-09-20,1803.69,110.54
2011-09-21,1782.3,110.36
2011-09-22,1740.39,105.49
2011-09-23,1656.74,103.97
2011-09-26,1626.88,103.94
2011-09-27,1650.72,107.14
2011-09-28,1609.16,103.81
2011-09-29,1614.69,103.95
2011-09-30,1623.79,102.76
2011-10-03,1658.3,101.71
2011-10-04,1623.82,99.79
2011-10-05,1640.85,102.73
2011-10-06,1651.36,105.73
2011-10-07,1637.85,105.88
2011-10-10,1676.65,108.95
2011-10-11,1662.3,110.73
2011-10-12,1676.3,111.36
2011-10-13,1668.05,111.11
2011-10-14,1680.95,114.68
2011-10-17,1670.8,110.16
2011-10-18,1657.97,111.15
2011-10-19,1640.75,108.39
2011-10-20,1620.66,109.76
2011-10-21,1641.85,109.56
2011-10-24,1653.48,111.45
2011-10-25,1705.27,110.92
2011-10-26,1724.64,108.91
2011-10-27,1744.95,112.08
2011-10-28,1743.42,109.91
2011-10-31,1714.7,109.56
2011-11-01,1719.55,109.54
2011-11-02,1737.8,109.34
2011-11-03,1763.67,110.83
2011-11-04,1754.65,111.97
2011-11-07,1794.9,114.56
2011-11-08,1786.32,115.0
2011-11-09,1769.7,112.31
2011-11-10,1758.5,113.71
2011-11-11,1788.63,114.16
2011-11-14,1780.3,111.89
2011-11-15,1780.9,112.39
2011-11-16,1763.35,111.88
2011-11-17,1721.52,108.22
2011-11-18,1723.92,107.56
2011-11-21,1677.57,106.88
2011-11-22,1699.9,109.03
2011-11-23,1692.41,107.02
2011-11-24,1697.42,107.78
2011-11-25,1683.52,106.4
2011-11-28,1712.35,109.0
2011-11-29,1715.67,110.82
2011-11-30,1746.35,110.52
2011-12-01,1744.8,108.99
2011-12-02,1746.59,109.94
2011-12-05,1722.67,109.81
2011-12-06,1728.55,110.81
2011-12-07,1741.89,109.53
2011-12-08,1708.27,108.11
2011-12-09,1711.47,108.62
2011-12-12,1666.49,107.26
2011-12-13,1631.5,109.5
2011-12-14,1573.9,105.02
2011-12-15,1570.52,105.09
2011-12-16,1598.95,103.35
2011-12-19,1594.35,103.64
2011-12-20,1615.69,106.73
2011-12-21,1615.17,107.71
2011-12-22,1606.07,107.89
2011-12-23,1606.88,107.96
2011-12-26,1607.25,107.96
2011-12-27,1592.95,109.27
2011-12-28,1556.8,107.56
2011-12-29,1545.65,108.01
2011-12-30,1564.91,107.38
2012-01-02,1566.37,107.38
2012-01-03,1603.95,112.13
2012-01-04,1611.95,113.7
2012-01-05,1622.71,112.74
2012-01-06,1617.08,113.06
2012-01-09,1611.15,112.45
2012-01-10,1632.33,113.28
2012-01-11,1641.99,112.24
2012-01-12,1649.99,111.26
2012-01-13,1638.92,110.44
2012-01-16,1643.88,111.2
2012-01-17,1652.38,111.53
2012-01-18,1659.84,110.66
2012-01-19,1658.5,111.55
2012-01-20,1666.6,109.86
2012-01-23,1676.85,110.58
2012-01-24,1665.25,110.03
2012-01-25,1710.8,109.81
2012-01-26,1720.08,110.79
2012-01-27,1738.95,111.46
2012-01-30,1729.85,110.75
2012-01-31,1737.76,110.98
2012-02-01,1743.53,111.56
2012-02-02,1759.55,112.07
2012-02-03,1726.33,114.58
2012-02-06,1720.25,115.93
2012-02-07,1745.45,116.23
2012-02-08,1733.13,117.2
2012-02-09,1729.54,118.59
2012-02-10,1721.85,117.31
2012-02-13,1722.25,117.93
2012-02-14,1720.23,118.16
2012-02-15,1728.18,118.93
2012-02-16,1728.25,120.11
2012-02-17,1723.49,119.58
2012-02-20,1734.93,120.05
2012-02-21,1759.25,121.66
2012-02-22,1776.3,122.9
2012-02-23,1780.78,123.62
2012-02-24,1772.35,125.47
2012-02-27,1767.65,124.17
2012-02-28,1784.25,121.55
2012-02-29,1696.76,122.66
2012-03-01,1718.25,126.2
2012-03-02,1712.45,123.65
2012-03-05,1706.32,123.8
2012-03-06,1674.38,121.98
2012-03-07,1684.91,124.12
2012-03-08,1699.85,125.44
2012-03-09,1713.85,125.98
2012-03-12,1701.34,125.34
2012-03-13,1674.03,126.22
2012-03-14,1644.79,124.97
2012-03-15,1658.66,123.55
2012-03-16,1659.98,125.81
2012-03-19,1664.5,125.71
2012-03-20,1650.86,124.12
2012-03-21,1650.55,124.2
2012-03-22,1645.91,123.14
2012-03-23,1661.7,125.13
2012-03-26,1690.18,125.65
2012-03-27,1680.75,125.54
2012-03-28,1663.55,124.16
2012-03-29,1661.57,122.39
2012-03-30,1668.15,122.88
2012-04-02,1677.75,125.43
2012-04-03,1645.85,124.86
2012-04-04,1620.55,122.34
2012-04-05,1631.15,123.43
2012-04-06,1640.3,123.43
2012-04-09,1640.26,122.67
2012-04-10,1659.93,119.88
2012-04-11,1658.98,120.18
2012-04-12,1675.78,121.71
2012-04-13,1658.38,121.83
2012-04-16,1652.01,118.68
2012-04-17,1649.59,118.78
2012-04-18,1642.24,117.97
2012-04-19,1642.82,118.0
2012-04-20,1643.05,118.76
2012-04-23,1638.84,118.71
2012-04-24,1642.25,118.16
2012-04-25,1643.72,119.12
2012-04-26,1657.35,119.92
2012-04-27,1662.85,119.83
2012-04-30,1664.75,119.47
2012-05-01,1662.4,119.66
2012-05-02,1653.45,118.2
2012-05-03,1636.05,116.08
2012-05-04,1642.35,113.18
2012-05-07,1638.45,113.16
2012-05-08,1605.4,112.73
2012-05-09,1589.55,113.2
2012-05-10,1594.01,112.73
2012-05-11,1579.35,112.26
2012-05-14,1556.73,111.57
2012-05-15,1544.1,112.24
2012-05-16,1539.75,111.71
2012-05-17,1574.14,107.49
2012-05-18,1593.03,107.14
2012-05-21,1593.33,108.81
2012-05-22,1568.5,108.41
2012-05-23,1561.53,105.56
2012-05-24,1559.3,106.55
2012-05-25,1573.0,106.83
2012-05-28,1573.33,107.11
2012-05-29,1555.34,106.68
2012-05-30,1562.93,103.47
2012-05-31,1560.51,101.87
2012-06-01,1624.0,98.43
2012-06-04,1619.0,98.85
2012-06-05,1617.05,98.84
2012-06-06,1619.55,100.64
2012-06-07,1589.32,99.93
2012-06-08,1593.4,99.47
2012-06-11,1596.8,98.0
2012-06-12,1609.71,97.14
2012-06-13,1617.16,97.13
2012-06-14,1623.6,97.03
2012-06-15,1627.1,97.61
2012-06-18,1628.09,96.05
2012-06-19,1618.39,95.76
2012-06-20,1607.5,92.69
2012-06-21,1566.37,89.23
2012-06-22,1572.43,90.98
2012-06-25,1584.38,91.01
2012-06-26,1572.86,93.02
2012-06-27,1574.19,93.5
2012-06-28,1552.68,91.36
2012-06-29,1597.45,97.8
2012-07-02,1597.01,97.34
2012-07-03,1617.45,100.68
2012-07-04,1615.65,99.77
2012-07-05,1604.58,100.7
2012-07-06,1583.85,98.19
2012-07-09,1587.65,100.32
2012-07-10,1567.15,97.97
2012-07-11,1576.38,100.23
2012-07-12,1571.73,101.07
2012-07-13,1589.6,102.4
2012-07-16,1589.4,103.55
2012-07-17,1583.41,104.0
2012-07-18,1573.45,105.16
2012-07-19,1581.54,107.8
2012-07-20,1584.53,106.83
2012-07-23,1576.75,103.26
2012-07-24,1581.18,103.42
2012-07-25,1603.85,104.38
2012-07-26,1615.85,105.26
2012-07-27,1623.2,106.47
2012-07-30,1621.96,106.2
2012-07-31,1614.58,104.92
2012-08-01,1599.58,105.96
2012-08-02,1588.05,105.9
2012-08-03,1603.55,108.94
2012-08-06,1610.68,109.55
2012-08-07,1612.35,112.0
2012-08-08,1612.55,112.14
2012-08-09,1617.18,113.22
2012-08-10,1620.15,112.95
2012-08-13,1609.75,113.6
2012-08-14,1599.05,114.03
2012-08-15,1603.1,116.25
2012-08-16,1615.13,116.9
2012-08-17,1616.4,113.71
2012-08-20,1620.5,113.7
2012-08-21,1637.8,114.64
2012-08-22,1654.5,114.91
2012-08-23,1670.53,115.01
2012-08-24,1670.5,113.59
2012-08-27,1663.97,112.26
2012-08-28,1666.75,112.58
2012-08-29,1656.5,112.54
2012-08-30,1655.6,112.65
2012-08-31,1691.85,114.57
2012-09-03,1692.33,115.78
2012-09-04,1695.88,114.18
2012-09-05,1692.93,113.09
2012-09-06,1700.33,113.49
2012-09-07,1735.85,114.25
2012-09-10,1726.06,114.81
2012-09-11,1731.88,115.4
2012-09-12,1730.75,115.96
2012-09-13,1767.12,116.9
2012-09-14,1770.5,116.66
2012-09-17,1761.25,113.79
2012-09-18,1771.31,112.03
2012-09-19,1770.3,108.19
2012-09-20,1768.53,110.03
2012-09-21,1773.1,111.42
2012-09-24,1764.4,109.81
2012-09-25,1760.64,110.45
2012-09-26,1752.75,110.04
2012-09-27,1777.38,112.01
2012-09-28,1772.25,112.39
2012-10-01,1775.43,112.19
2012-10-02,1774.57,111.57
2012-10-03,1777.88,108.17
2012-10-04,1790.15,112.58
2012-10-05,1780.7,112.02
2012-10-08,1774.55,111.82
2012-10-09,1764.2,114.5
2012-10-10,1762.29,114.33
2012-10-11,1767.18,115.71
2012-10-12,1754.03,114.62
2012-10-15,1737.4,115.8
2012-10-16,1747.47,115.07
2012-10-17,1750.15,113.22
2012-10-18,1741.4,112.42
2012-10-19,1721.75,110.14
2012-10-22,1728.6,109.44
2012-10-23,1707.63,108.25
2012-10-24,1702.04,107.85
2012-10-25,1712.1,108.49
2012-10-26,1711.2,109.55
2012-10-29,1709.25,109.44
2012-10-30,1709.6,109.08
2012-10-31,1720.65,108.7
2012-11-01,1714.2,108.17
2012-11-02,1678.0,105.68
2012-11-05,1684.97,107.73
2012-11-06,1716.0,111.07
2012-11-07,1717.55,106.82
2012-11-08,1731.4,107.25
2012-11-09,1731.07,109.4
2012-11-12,1728.2,109.07
2012-11-13,1724.95,108.26
2012-11-14,1726.5,109.61
2012-11-15,1715.75,110.98
2012-11-16,1713.72,108.95
2012-11-19,1731.72,111.7
2012-11-20,1727.05,109.83
2012-11-21,1728.69,110.86
2012-11-22,1729.55,110.55
2012-11-23,1753.0,111.38
2012-11-26,1748.7,110.92
2012-11-27,1742.09,109.87
2012-11-28,1719.69,109.51
2012-11-29,1725.74,110.76
2012-11-30,1714.98,111.23
2012-12-03,1715.96,110.92
2012-12-04,1697.59,109.84
2012-12-05,1693.9,108.81
2012-12-06,1699.88,107.03
2012-12-07,1704.07,107.02
2012-12-10,1713.11,107.33
2012-12-11,1709.95,108.01
2012-12-12,1711.71,109.5
2012-12-13,1697.1,107.91
2012-12-14,1696.15,109.15
2012-12-17,1698.32,107.64
2012-12-18,1671.23,108.84
2012-12-19,1667.18,110.36
2012-12-20,1647.92,110.2
2012-12-21,1657.22,108.97
2012-12-24,1657.84,108.8
2012-12-25,1657.98,108.8
2012-12-26,1659.45,111.07
2012-12-27,1664.1,110.8
2012-12-28,1655.7,110.62
2012-12-31,1675.35,111.11
2013-01-01,1675.92,111.11
2013-01-02,1686.89,112.47
2013-01-03,1663.99,112.14
2013-01-04,1656.1,111.31
2013-01-07,1646.92,111.4
2013-01-08,1659.13,111.94
2013-01-09,1657.63,111.76
2013-01-10,1675.36,111.89
2013-01-11,1662.98,110.64
2013-01-14,1667.8,111.88
2013-01-15,1679.62,110.3
2013-01-16,1679.93,110.61
2013-01-17,1687.64,111.1
2013-01-18,1684.25,111.89
2013-01-21,1690.05,111.71
2013-01-22,1692.75,112.42
2013-01-23,1685.84,112.8
2013-01-24,1667.97,113.28
2013-01-25,1658.65,113.28
2013-01-28,1655.61,113.48
2013-01-29,1663.8,114.36
2013-01-30,1677.0,114.9
2013-01-31,1663.7,115.55
2013-02-01,1667.4,116.76
2013-02-04,1674.3,115.6
2013-02-05,1672.95,116.52
2013-02-06,1677.57,116.73
2013-02-07,1671.4,117.24
2013-02-08,1667.25,118.9
2013-02-11,1648.07,118.13
2013-02-12,1651.33,118.66
2013-02-13,1642.5,118.72
2013-02-14,1634.85,118.0
2013-02-15,1610.15,117.66
2013-02-18,1609.78,117.38
2013-02-19,1605.05,117.52
2013-02-20,1564.55,115.6
2013-02-21,1576.27,113.53
2013-02-22,1581.16,114.1
2013-02-25,1593.46,114.44
2013-02-26,1613.76,112.71
2013-02-27,1597.1,111.87
2013-02-28,1579.61,111.38
2013-03-01,1576.18,110.4
2013-03-04,1573.83,110.09
2013-03-05,1575.5,111.61
2013-03-06,1583.97,111.06
2013-03-07,1579.0,111.15
2013-03-08,1578.97,110.85
2013-03-11,1581.6,110.22
2013-03-12,1592.8,109.65
2013-03-13,1587.7,108.52
2013-03-14,1590.19,109.42
2013-03-15,1592.1,109.82
2013-03-18,1605.49,109.51
2013-03-19,1612.87,107.45
2013-03-20,1606.92,108.72
2013-03-21,1614.85,107.47
2013-03-22,1608.55,107.66
2013-03-25,1605.3,108.17
2013-03-26,1600.05,109.36
2013-03-27,1605.27,109.69
2013-03-28,1596.97,110.02
2013-03-29,1597.5,110.02
2013-04-01,1599.52,111.08
2013-04-02,1575.89,110.69
2013-04-03,1557.9,107.11
2013-04-04,1554.8,106.34
2013-04-05,1581.25,104.12
2013-04-08,1573.47,104.66
2013-04-09,1585.35,106.23
2013-04-10,1558.42,105.79
2013-04-11,1561.5,104.27
2013-04-12,1482.75,103.11
2013-04-15,1348.21,100.39
2013-04-16,1367.36,99.91
2013-04-17,1376.25,97.69
2013-04-18,1390.5,99.13
2013-04-19,1403.79,99.65
2013-04-22,1426.45,100.39
2013-04-23,1413.0,100.31
2013-04-24,1431.99,101.73
2013-04-25,1467.9,103.41
2013-04-26,1461.92,103.16
2013-04-29,1475.84,103.81
2013-04-30,1476.71,102.37
2013-05-01,1457.64,99.95
2013-05-02,1467.07,102.85
2013-05-03,1470.75,104.19
2013-05-06,1469.46,105.46
2013-05-07,1452.7,104.4
2013-05-08,1473.94,104.34
2013-05-09,1458.15,104.47
2013-05-10,1448.55,103.91
2013-05-13,1430.59,102.82
2013-05-14,1425.46,102.6
2013-05-15,1393.03,103.68
2013-05-16,1385.97,103.8
2013-05-17,1359.5,104.64
2013-05-20,1393.85,104.8
2013-05-21,1376.29,103.91
2013-05-22,1370.27,102.6
2013-05-23,1391.05,102.44
2013-05-24,1386.64,102.64
2013-05-27,1394.78,102.62
2013-05-28,1381.12,104.23
2013-05-29,1392.95,102.43
2013-05-30,1414.0,102.19
2013-05-31,1387.8,100.39
2013-06-03,1411.35,102.06
2013-06-04,1399.56,103.24
2013-06-05,1403.43,103.04
2013-06-06,1413.97,103.61
2013-06-07,1382.97,104.56
2013-06-10,1386.5,103.95
2013-06-11,1378.33,102.96
2013-06-12,1389.02,103.49
2013-06-13,1386.15,104.25
2013-06-14,1390.67,105.93
2013-06-17,1385.27,105.47
2013-06-18,1367.67,106.02
2013-06-19,1351.31,106.12
2013-06-20,1284.97,102.15
2013-06-21,1296.42,100.91
2013-06-24,1282.39,101.16
2013-06-25,1277.65,101.26
2013-06-26,1226.59,101.66
2013-06-27,1200.67,102.82
2013-06-28,1234.53,102.16
2013-07-01,1252.52,103.0
2013-07-02,1243.43,104.0
2013-07-03,1252.88,105.76
2013-07-04,1249.89,105.54
2013-07-05,1223.14,107.72
2013-07-08,1236.98,107.43
2013-07-09,1251.39,107.81
2013-07-10,1259.72,108.51
2013-07-11,1286.01,107.73
2013-07-12,1285.59,108.81
2013-07-15,1284.7,109.09
2013-07-16,1292.13,109.4
2013-07-17,1276.02,108.61
2013-07-18,1284.23,108.7
2013-07-19,1296.03,108.07
2013-07-22,1335.82,108.15
2013-07-23,1345.18,108.42
2013-07-24,1322.14,107.19
2013-07-25,1333.83,107.65
2013-07-26,1333.16,107.17
2013-07-29,1328.1,107.45
2013-07-30,1326.37,106.91
2013-07-31,1325.07,107.7
2013-08-01,1310.2,109.54
2013-08-02,1312.03,108.95
2013-08-05,1303.01,108.7
2013-08-06,1283.19,108.18
2013-08-07,1287.61,107.44
2013-08-08,1313.27,106.68
2013-08-09,1314.46,108.22
2013-08-12,1338.39,108.97
2013-08-13,1321.67,109.82
2013-08-14,1336.16,110.2
2013-08-15,1366.18,111.11
2013-08-16,1376.57,110.4
2013-08-19,1366.0,109.9
2013-08-20,1371.23,110.15
2013-08-21,1366.66,109.81
2013-08-22,1376.14,109.9
2013-08-23,1397.73,111.04
2013-08-26,1404.65,110.73
2013-08-27,1415.15,114.36
2013-08-28,1417.51,116.61
2013-08-29,1407.79,115.16
2013-08-30,1395.27,114.01
2013-09-02,1389.77,114.33
2013-09-03,1412.41,115.68
2013-09-04,1391.57,114.91
2013-09-05,1367.48,115.26
2013-09-06,1391.8,116.12
2013-09-09,1386.97,113.72
2013-09-10,1363.88,111.25
2013-09-11,1365.31,111.5
2013-09-12,1321.73,112.63
2013-09-13,1326.17,112.78
2013-09-16,1312.79,110.07
2013-09-17,1310.6,108.19
2013-09-18,1363.77,110.6
2013-09-19,1366.25,108.76
2013-09-20,1325.85,109.22
2013-09-23,1322.72,108.16
2013-09-24,1323.26,108.64
2013-09-25,1334.36,108.32
2013-09-26,1324.08,109.21
2013-09-27,1336.88,108.63
2013-09-30,1329.03,108.37
2013-10-01,1287.54,107.94
2013-10-02,1316.03,109.19
2013-10-03,1316.86,109.0
2013-10-04,1311.09,109.46
2013-10-07,1323.1,109.68
2013-10-08,1319.29,110.16
2013-10-09,1305.59,109.06
2013-10-10,1287.6,111.8
2013-10-11,1272.2,111.28
2013-10-14,1272.48,111.04
2013-10-15,1282.35,109.96
2013-10-16,1282.51,110.86
2013-10-17,1320.32,109.11
2013-10-18,1316.25,109.94
2013-10-21,1316.02,109.64
2013-10-22,1340.11,109.97
2013-10-23,1333.47,107.8
2013-10-24,1346.75,106.99
2013-10-25,1350.62,106.93
2013-10-28,1352.63,109.61
2013-10-29,1345.05,109.01
2013-10-30,1344.55,109.86
2013-10-31,1323.06,108.84
2013-11-01,1316.18,105.91
2013-11-04,1314.64,106.23
2013-11-05,1311.68,105.33
2013-11-06,1317.89,105.24
2013-11-07,1307.63,103.46
2013-11-08,1288.5,105.12
2013-11-11,1282.81,106.4
2013-11-12,1268.04,105.81
2013-11-13,1281.75,107.12
2013-11-14,1287.18,108.54
2013-11-15,1290.18,108.5
2013-11-18,1275.44,108.47
2013-11-19,1275.72,106.92
2013-11-20,1244.33,108.06
2013-11-21,1242.91,110.08
2013-11-22,1243.8,111.05
2013-11-25,1251.38,111.0
2013-11-26,1242.85,110.88
2013-11-27,1237.9,111.31
2013-11-28,1244.65,110.86
2013-11-29,1253.35,109.69
2013-12-02,1219.83,111.45
2013-12-03,1223.42,112.62
2013-12-04,1243.79,111.88
2013-12-05,1225.23,110.98
2013-12-06,1229.1,111.61
2013-12-09,1240.35,109.39
2013-12-10,1262.19,109.38
2013-12-11,1252.32,109.7
2013-12-12,1225.49,108.67
2013-12-13,1238.69,108.83
2013-12-16,1241.32,110.47
2013-12-17,1230.89,108.44
2013-12-18,1218.53,109.63
2013-12-19,1188.68,110.29
2013-12-20,1203.24,111.77
2013-12-23,1198.86,111.56
2013-12-24,1204.35,111.9
2013-12-25,1204.62,111.9
2013-12-26,1210.64,111.98
2013-12-27,1213.27,112.18
2013-12-30,1196.57,111.21
2013-12-31,1201.64,110.8
2014-01-01,1205.9,110.8
2014-01-02,1224.6,107.78
2014-01-03,1236.97,106.89
2014-01-06,1238.06,106.73
2014-01-07,1232.08,107.35
2014-01-08,1225.99,107.15
2014-01-09,1227.98,106.39
2014-01-10,1248.5,107.25
2014-01-13,1253.31,106.75
2014-01-14,1245.19,106.39
2014-01-15,1241.88,107.13
2014-01-16,1242.39,107.09
2014-01-17,1254.05,106.48
2014-01-20,1254.35,106.35
2014-01-21,1241.41,106.73
2014-01-22,1237.15,108.27
2014-01-23,1264.13,107.58
2014-01-24,1270.06,107.88
2014-01-27,1257.11,106.69
2014-01-28,1256.83,107.41
2014-01-29,1267.34,107.85
2014-01-30,1243.78,107.95
2014-01-31,1244.55,106.4
2014-02-03,1257.65,106.04
2014-02-04,1254.65,105.78
2014-02-05,1257.92,106.25
2014-02-06,1258.2,107.19
2014-02-07,1267.27,109.57
2014-02-10,1274.78,108.63
2014-02-11,1291.36,108.68
2014-02-12,1291.15,108.79
2014-02-13,1302.92,108.73
2014-02-14,1318.66,109.08
2014-02-17,1331.5,109.18
2014-02-18,1322.02,110.46
2014-02-19,1311.6,110.47
2014-02-20,1322.97,110.3
2014-02-21,1324.25,109.85
2014-02-24,1336.97,110.64
2014-02-25,1340.5,109.51
2014-02-26,1330.64,109.52
2014-02-27,1331.29,108.96
2014-02-28,1326.39,109.07
2014-03-03,1350.61,111.2
2014-03-04,1334.47,109.3
2014-03-05,1336.86,107.76
2014-03-06,1350.82,108.1
2014-03-07,1339.98,109.0
2014-03-10,1339.72,108.08
2014-03-11,1349.01,108.55
2014-03-12,1366.84,108.02
2014-03-13,1370.28,107.39
2014-03-14,1382.92,108.57
2014-03-17,1367.07,106.24
2014-03-18,1355.78,106.79
2014-03-19,1329.59,105.85
2014-03-20,1327.77,106.45
2014-03-21,1334.69,106.92
2014-03-24,1308.76,106.81
2014-03-25,1311.17,106.99
2014-03-26,1304.48,107.03
2014-03-27,1291.31,107.83
2014-03-28,1295.23,108.07
2014-03-31,1284.01,107.76
2014-04-01,1278.95,105.62
2014-04-02,1289.9,104.79
2014-04-03,1286.7,106.15
2014-04-04,1303.5,106.72
2014-04-07,1297.28,105.82
2014-04-08,1308.66,107.67
2014-04-09,1311.8,107.98
2014-04-10,1318.95,107.46
2014-04-11,1318.42,107.33
2014-04-14,1327.99,109.07
2014-04-15,1302.64,108.74
2014-04-16,1302.53,109.6
2014-04-17,1295.12,109.53
2014-04-18,1294.3,109.53
2014-04-21,1289.77,109.95
2014-04-22,1283.81,109.27
2014-04-23,1283.91,109.11
2014-04-24,1293.36,110.33
2014-04-25,1303.25,109.58
2014-04-28,1296.74,108.12
2014-04-29,1295.92,108.98
2014-04-30,1291.6,108.07
2014-05-01,1284.31,107.76
2014-05-02,1299.7,108.59
2014-05-05,1310.28,107.72
2014-05-06,1308.05,107.06
2014-05-07,1289.88,108.13
2014-05-08,1289.43,108.04
2014-05-09,1288.91,107.89
2014-05-12,1295.8,108.41
2014-05-13,1293.63,109.24
2014-05-14,1305.97,110.19
2014-05-15,1296.22,110.44
2014-05-16,1293.52,109.75
2014-05-19,1292.97,109.37
2014-05-20,1294.37,109.69
2014-05-21,1292.04,110.55
2014-05-22,1294.1,110.36
2014-05-23,1292.61,110.54
2014-05-26,1292.91,110.32
2014-05-27,1264.95,110.02
2014-05-28,1258.14,109.81
2014-05-29,1255.56,109.97
2014-05-30,1249.68,109.41
2014-06-02,1243.93,108.83
2014-06-03,1244.95,108.82
2014-06-04,1243.94,108.4
2014-06-05,1253.63,108.79
2014-06-06,1253.23,108.61
2014-06-09,1252.34,109.99
2014-06-10,1259.9,109.52
2014-06-11,1261.07,109.95
2014-06-12,1273.46,113.02
2014-06-13,1276.96,113.41
2014-06-16,1272.0,112.94
2014-06-17,1270.58,113.45
2014-06-18,1277.71,114.26
2014-06-19,1320.39,115.06
2014-06-20,1314.82,114.81
2014-06-23,1317.52,114.12
2014-06-24,1318.29,114.46
2014-06-25,1319.18,114.0
2014-06-26,1316.58,113.21
2014-06-27,1316.17,113.3
2014-06-30,1327.33,112.36
2014-07-01,1326.46,112.29
2014-07-02,1326.86,111.24
2014-07-03,1319.53,111.0
2014-07-04,1320.55,110.64
2014-07-07,1319.94,110.24
2014-07-08,1319.24,108.94
2014-07-09,1327.83,108.28
2014-07-10,1335.75,108.67
2014-07-11,1338.7,106.66
2014-07-14,1307.15,106.98
2014-07-15,1294.05,106.02
2014-07-16,1299.21,105.85
2014-07-17,1319.2,107.89
2014-07-18,1310.88,107.24
2014-07-21,1312.49,107.68
2014-07-22,1306.42,107.33
2014-07-23,1304.59,108.03
2014-07-24,1293.66,107.07
2014-07-25,1307.22,108.39
2014-07-28,1304.05,107.57
2014-07-29,1299.11,107.72
2014-07-30,1296.3,106.51
2014-07-31,1282.59,106.02
2014-08-01,1293.75,104.84
2014-08-04,1288.25,105.41
2014-08-05,1288.78,104.61
2014-08-06,1305.9,104.59
2014-08-07,1312.63,105.44
2014-08-08,1309.58,105.02
2014-08-11,1308.48,104.68
2014-08-12,1309.51,103.02
2014-08-13,1312.92,104.28
2014-08-14,1313.52,102.01
2014-08-15,1304.7,103.53
2014-08-18,1298.4,101.6
2014-08-19,1295.73,101.56
2014-08-20,1291.94,102.28
2014-08-21,1276.78,102.63
2014-08-22,1281.1,102.29
2014-08-25,1276.84,102.65
2014-08-26,1281.2,102.5
2014-08-27,1282.63,102.72
2014-08-28,1289.65,102.46
2014-08-29,1287.32,103.19
2014-09-01,1286.0,102.79
2014-09-02,1265.4,100.34
2014-09-03,1269.4,102.77
2014-09-04,1261.67,101.83
2014-09-05,1268.81,100.82
2014-09-08,1255.45,100.2
2014-09-09,1255.47,99.16
2014-09-10,1249.77,98.04
2014-09-11,1240.92,98.08
2014-09-12,1229.65,97.11
2014-09-15,1233.22,96.65
2014-09-16,1235.55,99.05
2014-09-17,1223.51,98.97
2014-09-18,1225.15,97.7
2014-09-19,1215.7,98.39
2014-09-22,1215.08,96.97
2014-09-23,1223.42,96.85
2014-09-24,1217.09,96.95
2014-09-25,1221.58,97.0
2014-09-26,1218.38,97.0
2014-09-29,1215.81,97.2
2014-09-30,1208.15,94.67
2014-10-01,1213.82,94.16
2014-10-02,1214.57,93.42
2014-10-03,1191.42,92.31
2014-10-06,1207.3,92.79
2014-10-07,1209.01,92.11
2014-10-08,1221.14,91.38
2014-10-09,1224.33,90.05
2014-10-10,1223.16,90.21
2014-10-13,1235.87,88.89
2014-10-14,1232.83,85.04
2014-10-15,1242.02,83.78
2014-10-16,1238.81,84.47
2014-10-17,1238.32,86.16
2014-10-20,1246.91,85.4
2014-10-21,1248.7,86.22
2014-10-22,1241.27,84.71
2014-10-23,1231.84,86.83
2014-10-24,1231.01,86.13
2014-10-27,1226.62,85.83
2014-10-28,1228.52,86.03
2014-10-29,1212.15,87.12
2014-10-30,1198.85,86.24
2014-10-31,1172.94,85.86
2014-11-03,1165.63,84.78
2014-11-04,1168.39,82.82
2014-11-05,1140.54,82.95
2014-11-06,1141.92,82.86
2014-11-07,1177.97,83.39
2014-11-10,1151.47,82.34
2014-11-11,1164.33,81.67
2014-11-12,1162.6,80.38
2014-11-13,1162.55,77.92
2014-11-14,1188.75,79.41
2014-11-17,1186.57,79.31
2014-11-18,1197.08,78.47
2014-11-19,1182.68,78.1
2014-11-20,1193.79,79.33
2014-11-21,1201.55,80.36
2014-11-24,1197.14,79.68
2014-11-25,1200.98,78.33
2014-11-26,1197.87,77.75
2014-11-27,1192.67,72.58
2014-11-28,1167.38,70.15
2014-12-01,1212.1,72.54
2014-12-02,1198.28,70.54
2014-12-03,1209.43,69.92
2014-12-04,1205.27,69.64
2014-12-05,1192.35,69.07
2014-12-08,1203.51,66.19
2014-12-09,1231.06,66.84
2014-12-10,1226.31,64.24
2014-12-11,1227.72,63.68
2014-12-12,1222.59,61.85
2014-12-15,1193.23,61.06
2014-12-16,1197.01,59.86
2014-12-17,1189.71,61.18
2014-12-18,1198.57,59.27
2014-12-19,1195.74,61.38
2014-12-22,1176.44,60.11
2014-12-23,1176.57,61.69
2014-12-24,1173.8,60.24
2014-12-25,1173.8,60.24
2014-12-26,1196.0,59.45
2014-12-29,1183.29,57.88
2014-12-30,1200.55,57.9
2014-12-31,1184.37,57.33
2015-01-01,1181.98,57.33
2015-01-02,1188.39,56.42
2015-01-05,1204.86,53.11
2015-01-06,1218.58,51.1
2015-01-07,1211.41,51.15
2015-01-08,1208.79,50.96
2015-01-09,1223.25,50.11
2015-01-12,1233.31,47.43
2015-01-13,1230.64,46.59
2015-01-14,1228.72,48.69
2015-01-15,1262.75,47.67
2015-01-16,1280.45,50.17
2015-01-19,1275.65,48.84
2015-01-20,1295.32,47.99
2015-01-21,1293.09,49.03
2015-01-22,1302.25,48.52
2015-01-23,1294.08,48.79
2015-01-26,1281.4,48.16
2015-01-27,1292.34,49.6
2015-01-28,1284.49,48.47
2015-01-29,1257.27,49.13
2015-01-30,1283.79,52.99
2015-02-02,1274.41,54.75
2015-02-03,1260.52,57.91
2015-02-04,1269.35,54.16
2015-02-05,1264.82,56.57
2015-02-06,1234.04,57.8
2015-02-09,1239.03,58.34
2015-02-10,1233.55,56.43
2015-02-11,1218.83,54.66
2015-02-12,1221.98,57.05
2015-02-13,1229.76,61.52
2015-02-16,1232.55,61.4
2015-02-17,1209.89,62.53
2015-02-18,1212.42,60.53
2015-02-19,1206.84,60.21
2015-02-20,1201.94,60.22
2015-02-23,1201.83,58.9
2015-02-24,1200.53,58.66
2015-02-25,1205.0,61.63
2015-02-26,1209.49,60.05
2015-02-27,1213.18,62.58
2015-03-02,1206.83,59.54
2015-03-03,1203.74,61.02
2015-03-04,1200.34,60.55
2015-03-05,1198.4,60.48
2015-03-06,1167.29,59.73
2015-03-09,1167.21,58.53
2015-03-10,1161.84,56.39
2015-03-11,1155.31,57.54
2015-03-12,1153.73,57.08
2015-03-13,1158.48,54.67
2015-03-16,1154.81,53.44
2015-03-17,1149.57,53.51
2015-03-18,1167.61,55.91
2015-03-19,1171.18,54.43
2015-03-20,1182.54,55.32
2015-03-23,1189.54,55.92
2015-03-24,1193.28,55.11
2015-03-25,1195.47,56.48
2015-03-26,1204.81,59.19
2015-03-27,1198.55,56.41
2015-03-30,1186.07,56.29
2015-03-31,1183.57,55.11
2015-04-01,1203.98,57.1
2015-04-02,1202.61,54.95
2015-04-03,1206.91,54.95
2015-04-06,1214.84,58.12
2015-04-07,1209.22,59.1
2015-04-08,1202.57,55.55
2015-04-09,1194.81,56.57
2015-04-10,1207.59,57.87
2015-04-13,1198.88,57.93
2015-04-14,1192.78,58.43
2015-04-15,1202.58,60.32
2015-04-16,1198.55,63.98
2015-04-17,1204.22,63.45
2015-04-20,1195.89,63.45
2015-04-21,1202.41,62.08
2015-04-22,1187.13,62.73
2015-04-23,1193.97,64.85
2015-04-24,1179.0,65.28
2015-04-27,1202.15,64.83
2015-04-28,1212.17,64.64
2015-04-29,1204.71,65.84
2015-04-30,1184.37,66.78
2015-05-01,1178.46,66.46
2015-05-04,1188.33,66.45
2015-05-05,1193.34,67.52
2015-05-06,1192.24,67.77
2015-05-07,1184.51,65.54
2015-05-08,1188.39,65.39
2015-05-11,1183.97,64.91
2015-05-12,1193.94,66.86
2015-05-13,1215.75,66.81
2015-05-14,1221.14,66.59
2015-05-15,1224.8,66.81
2015-05-18,1225.51,66.27
2015-05-19,1207.86,64.02
2015-05-20,1209.8,65.03
2015-05-21,1204.86,66.54
2015-05-22,1206.21,65.37
2015-05-25,1206.6,65.52
2015-05-26,1187.3,63.72
2015-05-27,1188.09,62.06
2015-05-28,1188.4,62.58
2015-05-29,1190.58,65.56
2015-06-01,1189.2,64.88
2015-06-02,1193.01,65.49
2015-06-03,1185.17,63.8
2015-06-04,1176.89,62.03
2015-06-05,1171.94,63.31
2015-06-08,1174.07,62.69
2015-06-09,1176.8,64.88
2015-06-10,1186.06,65.7
2015-06-11,1182.01,65.11
2015-06-12,1181.63,63.87
2015-06-15,1186.43,62.61
2015-06-16,1182.07,63.7
2015-06-17,1185.55,63.87
2015-06-18,1201.94,64.26
2015-06-19,1200.27,63.02
2015-06-22,1185.98,63.34
2015-06-23,1178.63,64.45
2015-06-24,1175.4,63.49
2015-06-25,1173.17,63.2
2015-06-26,1175.52,63.26
2015-06-29,1179.83,62.01
2015-06-30,1172.35,63.59
2015-07-01,1168.79,62.01
2015-07-02,1166.26,62.07
2015-07-03,1169.1,60.32
2015-07-06,1170.33,56.54
2015-07-07,1155.26,56.85
2015-07-08,1158.33,57.05
2015-07-09,1159.43,58.61
2015-07-10,1163.74,58.73
2015-07-13,1157.98,57.85
2015-07-14,1156.06,58.51
2015-07-15,1149.45,57.05
2015-07-16,1145.39,57.51
2015-07-17,1134.14,57.1
2015-07-20,1096.5,56.65
2015-07-21,1101.25,57.04
2015-07-22,1094.24,56.13
2015-07-23,1090.7,55.27
2015-07-24,1099.11,54.62
2015-07-27,1093.98,53.47
2015-07-28,1095.48,53.3
2015-07-29,1096.85,53.38
2015-07-30,1088.76,53.31
2015-07-31,1095.8,52.21
2015-08-03,1086.79,49.52
2015-08-04,1087.7,49.99
2015-08-05,1085.03,49.59
2015-08-06,1089.55,49.52
2015-08-07,1094.15,48.61
2015-08-10,1104.51,50.41
2015-08-11,1108.95,49.18
2015-08-12,1124.47,49.66
2015-08-13,1115.1,49.22
2015-08-14,1115.07,49.03
2015-08-17,1117.7,48.74
2015-08-18,1117.71,48.81
2015-08-19,1133.88,47.16
2015-08-20,1152.2,46.62
2015-08-21,1160.77,45.46
2015-08-24,1155.11,42.69
2015-08-25,1140.49,43.21
2015-08-26,1125.26,43.14
2015-08-27,1125.0,47.56
2015-08-28,1133.6,50.05
2015-08-31,1134.93,54.15
2015-09-01,1140.27,49.56
2015-09-02,1134.05,50.5
2015-09-03,1125.46,50.68
2015-09-04,1121.85,49.61
2015-09-07,1119.35,47.63
2015-09-08,1121.55,49.52
2015-09-09,1107.85,47.58
2015-09-10,1110.75,48.89
2015-09-11,1107.95,48.14
2015-09-14,1109.1,46.37
2015-09-15,1105.35,46.63
2015-09-16,1119.52,49.75
2015-09-17,1131.51,49.08
2015-09-18,1139.23,47.47
2015-09-21,1133.44,48.92
2015-09-22,1124.76,49.08
2015-09-23,1130.3,47.75
2015-09-24,1153.95,48.17
2015-09-25,1146.2,48.6
2015-09-28,1131.95,47.34
2015-09-29,1127.43,48.23
2015-09-30,1115.09,48.37
2015-10-01,1113.61,47.69
2015-10-02,1138.6,48.13
2015-10-05,1135.75,49.25
2015-10-06,1147.24,51.92
2015-10-07,1145.54,51.33
2015-10-08,1139.01,53.05
2015-10-09,1156.53,52.65
2015-10-12,1163.85,49.86
2015-10-13,1168.84,49.24
2015-10-14,1184.13,49.15
2015-10-15,1183.1,48.71
2015-10-16,1177.3,50.46
2015-10-19,1170.79,48.61
2015-10-20,1176.04,48.71
2015-10-21,1167.18,47.85
2015-10-22,1166.05,48.08
2015-10-23,1164.45,47.99
2015-10-26,1163.04,47.54
2015-10-27,1166.88,46.81
2015-10-28,1156.1,49.05
2015-10-29,1145.97,48.8
2015-10-30,1142.11,49.56
2015-11-02,1133.84,48.79
2015-11-03,1117.79,50.54
2015-11-04,1107.9,48.58
2015-11-05,1103.92,47.98
2015-11-06,1089.8,47.42
2015-11-09,1092.31,47.19
2015-11-10,1089.67,47.44
2015-11-11,1086.26,45.81
2015-11-12,1085.2,44.06
2015-11-13,1083.91,43.61
2015-11-16,1082.76,44.56
2015-11-17,1070.3,43.57
2015-11-18,1070.73,44.14
2015-11-19,1082.21,44.18
2015-11-20,1078.01,44.66
2015-11-23,1069.18,44.83
2015-11-24,1075.65,46.12
2015-11-25,1071.12,46.17
2015-11-26,1072.33,45.46
2015-11-27,1057.45,44.86
2015-11-30,1064.77,44.61
2015-12-01,1069.29,44.44
2015-12-02,1053.7,42.49
2015-12-03,1062.11,43.84
2015-12-04,1086.44,43.0
2015-12-07,1071.34,40.73
2015-12-08,1074.96,40.26
2015-12-09,1072.78,40.11
2015-12-10,1071.58,39.73
2015-12-11,1074.77,37.93
2015-12-14,1059.86,37.92
2015-12-15,1061.22,38.45
2015-12-16,1072.32,37.19
2015-12-17,1051.1,37.06
2015-12-18,1066.25,36.88
2015-12-21,1078.4,36.35
2015-12-22,1072.43,36.11
2015-12-23,1070.5,37.36
2015-12-24,1076.1,37.89
2015-12-25,1076.1,37.89
2015-12-28,1069.08,36.62
2015-12-29,1069.11,37.79
2015-12-30,1061.44,36.46
2015-12-31,1061.1,37.28
2016-01-01,1061.1,37.28
2016-01-04,1074.61,37.22
2016-01-05,1077.68,36.42
2016-01-06,1093.67,34.23
2016-01-07,1108.97,33.75
2016-01-08,1104.15,33.55
2016-01-11,1094.2,31.55
2016-01-12,1086.56,30.86
2016-01-13,1093.59,30.31
2016-01-14,1078.38,31.03
2016-01-15,1088.88,28.94
2016-01-18,1089.68,28.55
2016-01-19,1087.41,28.76
2016-01-20,1100.92,27.88
2016-01-21,1101.2,29.25
2016-01-22,1097.95,32.18
2016-01-25,1107.9,30.5
2016-01-26,1119.91,31.8
2016-01-27,1124.97,33.1
2016-01-28,1115.33,33.89
2016-01-29,1118.21,34.74
2016-02-01,1128.41,34.24
2016-02-02,1129.01,32.72
2016-02-03,1142.63,35.04
2016-02-04,1155.59,34.46
2016-02-05,1173.4,34.06
2016-02-08,1189.23,32.88
2016-02-09,1189.13,30.32
2016-02-10,1197.12,30.84
2016-02-11,1246.7,30.06
2016-02-12,1237.97,33.36
2016-02-15,1209.3,33.39
2016-02-16,1200.44,32.18
2016-02-17,1208.5,34.5
2016-02-18,1230.87,34.28
2016-02-19,1226.8,33.01
2016-02-22,1208.63,34.69
2016-02-23,1226.85,33.27
2016-02-24,1228.75,34.41
2016-02-25,1232.91,35.29
2016-02-26,1223.46,35.1
2016-02-29,1238.67,35.97
2016-03-01,1232.15,36.81
2016-03-02,1239.98,36.93
2016-03-03,1264.25,37.07
2016-03-04,1258.95,38.72
2016-03-07,1267.33,40.84
2016-03-08,1261.44,39.65
2016-03-09,1253.23,41.07
2016-03-10,1272.25,40.05
2016-03-11,1249.45,40.39
2016-03-14,1235.27,39.53
2016-03-15,1232.38,38.74
2016-03-16,1262.57,40.33
2016-03-17,1257.97,41.54
2016-03-18,1255.4,41.2
2016-03-21,1243.75,41.54
2016-03-22,1248.32,41.79
2016-03-23,1220.11,40.47
2016-03-24,1216.82,40.44
2016-03-25,1217.05,40.44
2016-03-28,1221.71,40.27
2016-03-29,1242.2,39.14
2016-03-30,1225.02,39.26
2016-03-31,1232.75,39.6
2016-04-01,1222.6,38.67
2016-04-04,1215.43,37.69
2016-04-05,1231.35,37.87
2016-04-06,1222.47,39.84
2016-04-07,1240.45,39.43
2016-04-08,1240.69,41.94
2016-04-11,1257.88,42.83
2016-04-12,1255.63,44.69
2016-04-13,1242.47,44.18
2016-04-14,1227.89,43.84
2016-04-15,1233.99,43.1
2016-04-18,1232.49,42.91
2016-04-19,1250.19,44.03
2016-04-20,1244.25,45.8
2016-04-21,1248.05,44.53
2016-04-22,1233.03,45.11
2016-04-25,1237.97,44.48
2016-04-26,1243.4,45.74
2016-04-27,1245.83,47.18
2016-04-28,1266.26,48.14
2016-04-29,1293.53,48.13
2016-05-02,1291.55,45.83
2016-05-03,1286.5,44.97
2016-05-04,1279.68,44.62
2016-05-05,1277.74,45.01
2016-05-06,1288.99,45.37
2016-05-09,1263.88,43.63
2016-05-10,1265.84,45.52
2016-05-11,1277.21,47.6
2016-05-12,1263.68,48.08
2016-05-13,1273.45,47.83
2016-05-16,1274.16,48.97
2016-05-17,1278.95,49.28
2016-05-18,1258.5,48.93
2016-05-19,1254.75,48.81
2016-05-20,1251.98,48.72
2016-05-23,1249.13,48.35
2016-05-24,1227.21,48.61
2016-05-25,1224.41,49.74
2016-05-26,1219.8,49.59
2016-05-27,1212.38,49.32
2016-05-30,1204.95,49.76
2016-05-31,1215.32,49.69
2016-06-01,1212.98,49.72
2016-06-02,1211.0,50.04
2016-06-03,1244.2,49.64
2016-06-06,1245.34,50.55
2016-06-07,1243.81,51.44
2016-06-08,1262.8,52.51
2016-06-09,1269.8,51.95
2016-06-10,1274.24,50.54
2016-06-13,1283.86,50.35
2016-06-14,1285.72,49.83
2016-06-15,1291.75,48.97
2016-06-16,1278.43,47.19
2016-06-17,1298.65,49.17
2016-06-20,1289.9,50.65
2016-06-21,1268.12,50.62
2016-06-22,1266.22,49.88
2016-06-23,1256.84,50.91
2016-06-24,1315.75,48.41
2016-06-27,1324.6,47.16
2016-06-28,1311.79,48.58
2016-06-29,1319.15,50.61
2016-06-30,1321.9,49.68
2016-07-01,1341.35,50.35
2016-07-04,1350.79,50.1
2016-07-05,1356.45,47.96
2016-07-06,1363.78,48.8
2016-07-07,1360.45,46.4
2016-07-08,1366.33,46.76
2016-07-11,1355.4,46.25
2016-07-12,1333.1,48.47
2016-07-13,1342.64,46.26
2016-07-14,1335.23,47.37
2016-07-15,1337.45,47.61
2016-07-18,1328.85,46.96
2016-07-19,1332.01,46.66
2016-07-20,1316.06,47.17
2016-07-21,1331.43,46.2
2016-07-22,1322.73,45.69
2016-07-25,1315.6,44.72
2016-07-26,1320.26,44.87
2016-07-27,1340.08,43.47
2016-07-28,1335.75,42.7
2016-07-29,1351.28,42.46
2016-08-01,1353.15,42.14
2016-08-02,1363.57,41.8
2016-08-03,1358.18,43.1
2016-08-04,1361.15,44.29
2016-08-05,1336.0,44.27
2016-08-08,1335.31,45.39
2016-08-09,1340.73,44.98
2016-08-10,1346.61,44.05
2016-08-11,1338.78,46.04
2016-08-12,1335.97,46.97
2016-08-15,1339.4,48.35
2016-08-16,1346.24,49.23
2016-08-17,1348.73,49.85
2016-08-18,1352.36,50.89
2016-08-19,1341.47,50.88
2016-08-22,1339.09,49.16
2016-08-23,1337.56,49.96
2016-08-24,1324.13,49.05
2016-08-25,1321.97,49.67
2016-08-26,1321.18,49.92
2016-08-29,1323.38,49.26
2016-08-30,1311.11,48.37
2016-08-31,1308.97,47.04
2016-09-01,1313.89,45.45
2016-09-02,1325.21,46.83
2016-09-05,1327.08,47.63
2016-09-06,1350.0,47.26
2016-09-07,1345.18,47.98
2016-09-08,1338.3,49.99
2016-09-09,1327.83,48.01
2016-09-12,1327.82,48.32
2016-09-13,1319.05,47.1
2016-09-14,1322.94,45.85
2016-09-15,1314.75,46.59
2016-09-16,1310.35,45.77
2016-09-19,1313.19,45.95
2016-09-20,1314.84,45.88
2016-09-21,1335.17,46.83
2016-09-22,1337.07,47.65
2016-09-23,1337.56,45.89
2016-09-26,1337.95,47.35
2016-09-27,1327.32,45.97
2016-09-28,1321.54,48.69
2016-09-29,1320.37,49.24
2016-09-30,1315.87,49.06
2016-10-03,1311.6,50.89
2016-10-04,1268.44,50.87
2016-10-05,1266.85,51.86
2016-10-06,1254.38,52.51
2016-10-07,1257.08,51.93
2016-10-10,1259.65,53.14
2016-10-11,1252.8,52.41
2016-10-12,1255.25,51.81
2016-10-13,1258.09,52.03
2016-10-14,1251.03,51.95
2016-10-17,1255.85,51.52
2016-10-18,1262.5,51.68
2016-10-19,1269.23,52.67
2016-10-20,1265.76,51.38
2016-10-21,1266.46,51.78
2016-10-24,1264.44,51.46
2016-10-25,1273.87,50.79
2016-10-26,1267.1,49.98
2016-10-27,1268.4,50.47
2016-10-28,1275.47,49.71
2016-10-31,1277.21,48.3
2016-11-01,1288.2,48.14
2016-11-02,1296.81,46.86
2016-11-03,1302.7,46.35
2016-11-04,1305.06,45.58
2016-11-07,1281.64,46.15
2016-11-08,1275.68,46.04
2016-11-09,1277.98,46.36
2016-11-10,1259.2,45.84
2016-11-11,1227.64,44.75
2016-11-14,1221.35,44.43
2016-11-15,1228.73,46.95
2016-11-16,1224.99,46.63
2016-11-17,1216.42,46.49
2016-11-18,1207.89,46.86
2016-11-21,1214.23,48.9
2016-11-22,1212.32,49.12
2016-11-23,1188.32,48.95
2016-11-24,1181.67,49.0
2016-11-25,1183.56,47.24
2016-11-28,1194.0,48.24
2016-11-29,1188.31,46.38
2016-11-30,1173.2,50.47
2016-12-01,1171.69,53.94
2016-12-02,1177.43,54.46
2016-12-05,1170.38,54.94
2016-12-06,1169.85,53.93
2016-12-07,1173.98,53.0
2016-12-08,1170.78,53.89
2016-12-09,1159.86,54.33
2016-12-12,1162.22,55.69
2016-12-13,1158.54,55.72
2016-12-14,1142.95,53.9
2016-12-15,1128.5,54.02
2016-12-16,1134.88,55.21
2016-12-19,1138.21,54.92
2016-12-20,1132.35,55.35
2016-12-21,1131.61,54.46
2016-12-22,1128.38,55.05
2016-12-23,1133.3,55.16
2016-12-26,1133.3,55.16
2016-12-27,1138.78,56.09
2016-12-28,1141.67,56.22
2016-12-29,1158.19,56.14
2016-12-30,1147.5,56.82
2017-01-02,1147.5,56.82
2017-01-03,1158.84,55.47
2017-01-04,1163.65,56.46
2017-01-05,1180.12,56.89
2017-01-06,1172.63,57.1
2017-01-09,1181.1,54.94
2017-01-10,1187.88,53.64
2017-01-11,1191.62,55.1
2017-01-12,1195.43,56.01
2017-01-13,1197.34,55.45
2017-01-16,1202.73,55.86
2017-01-17,1217.07,55.47
2017-01-18,1204.3,53.92
2017-01-19,1204.85,54.16
2017-01-20,1210.32,55.49
2017-01-23,1218.23,55.23
2017-01-24,1208.94,55.44
2017-01-25,1200.69,55.08
2017-01-26,1188.5,56.24
2017-01-27,1191.2,55.52
2017-01-30,1195.7,55.23
2017-01-31,1210.72,55.7
2017-02-01,1209.84,56.8
2017-02-02,1215.96,56.56
2017-02-03,1220.3,56.81
2017-02-06,1235.53,55.72
2017-02-07,1233.85,55.05
2017-02-08,1241.53,55.12
2017-02-09,1228.36,55.63
2017-02-10,1233.62,56.7
2017-02-13,1225.26,55.59
2017-02-14,1228.13,55.97
2017-02-15,1233.7,55.75
2017-02-16,1239.04,55.65
2017-02-17,1234.6,55.81
2017-02-20,1238.47,56.18
2017-02-21,1235.74,56.66
2017-02-22,1237.44,55.84
2017-02-23,1249.56,56.58
2017-02-24,1257.19,55.99
2017-02-27,1252.73,55.93
2017-02-28,1248.44,55.59
2017-03-01,1249.69,56.36
2017-03-02,1234.25,55.08
2017-03-03,1234.81,55.9
2017-03-06,1225.29,56.01
2017-03-07,1215.86,55.92
2017-03-08,1208.31,53.11
2017-03-09,1201.24,52.19
2017-03-10,1204.64,51.37
2017-03-13,1204.3,51.35
2017-03-14,1199.12,50.92
2017-03-15,1219.88,51.81
2017-03-16,1226.61,51.74
2017-03-17,1229.26,51.76
2017-03-20,1234.24,51.62
2017-03-21,1244.81,50.96
2017-03-22,1248.84,50.64
2017-03-23,1245.2,50.56
2017-03-24,1243.57,50.8
2017-03-27,1254.86,50.75
2017-03-28,1251.82,51.33
2017-03-29,1253.45,52.42
2017-03-30,1242.64,52.96
2017-03-31,1249.2,52.83
2017-04-03,1253.5,53.12
2017-04-04,1256.28,54.17
2017-04-05,1255.76,54.36
2017-04-06,1251.7,54.89
2017-04-07,1254.53,55.24
2017-04-10,1254.68,55.98
2017-04-11,1274.86,56.23
2017-04-12,1286.78,55.86
2017-04-13,1287.92,55.89
2017-04-14,1285.69,55.89
2017-04-17,1284.71,55.36
2017-04-18,1289.76,54.89
2017-04-19,1280.21,52.93
2017-04-20,1281.9,52.99
2017-04-21,1284.44,51.96
2017-04-24,1276.31,51.6
2017-04-25,1264.13,52.1
2017-04-26,1269.22,51.82
2017-04-27,1264.3,51.44
2017-04-28,1268.28,51.73
2017-05-01,1256.58,51.52
2017-05-02,1256.76,50.46
2017-05-03,1238.17,50.79
2017-05-04,1228.16,48.38
2017-05-05,1228.01,49.1
2017-05-08,1226.23,49.34
2017-05-09,1221.23,48.73
2017-05-10,1219.1,50.22
2017-05-11,1225.04,50.77
2017-05-12,1228.43,50.84
2017-05-15,1230.82,51.82
2017-05-16,1237.24,51.65
2017-05-17,1261.36,52.21
2017-05-18,1247.07,52.51
2017-05-19,1255.93,53.61
2017-05-22,1260.63,53.87
2017-05-23,1251.22,54.15
2017-05-24,1258.73,53.96
2017-05-25,1255.67,51.46
2017-05-26,1266.76,52.15
2017-05-29,1268.1,52.29
2017-05-30,1263.09,51.84
2017-05-31,1268.92,50.31
2017-06-01,1265.96,50.63
2017-06-02,1279.17,49.95
2017-06-05,1279.8,49.47
2017-06-06,1294.39,50.12
2017-06-07,1287.15,48.06
2017-06-08,1278.01,47.86
2017-06-09,1266.76,48.15
2017-06-12,1266.18,48.29
2017-06-13,1266.55,48.72
2017-06-14,1260.86,47.0
2017-06-15,1253.98,46.92
2017-06-16,1253.73,47.37
2017-06-19,1243.84,46.91
2017-06-20,1243.01,46.02
2017-06-21,1246.48,44.82
2017-06-22,1250.51,45.22
2017-06-23,1256.71,45.54
2017-06-26,1244.72,45.83
2017-06-27,1247.17,46.65
2017-06-28,1249.27,47.31
2017-06-29,1245.51,47.42
2017-06-30,1241.61,47.92
2017-07-03,1220.2,49.68
2017-07-04,1223.42,49.61
2017-07-05,1227.04,47.79
2017-07-06,1225.22,48.11
2017-07-07,1212.46,46.71
2017-07-10,1214.36,46.88
2017-07-11,1217.72,47.52
2017-07-12,1220.51,47.74
2017-07-13,1217.58,48.42
2017-07-14,1228.7,48.91
2017-07-17,1234.11,48.42
2017-07-18,1242.47,48.84
2017-07-19,1241.25,49.7
2017-07-20,1244.49,49.3
2017-07-21,1254.98,48.06
2017-07-24,1255.3,48.6
2017-07-25,1250.06,50.2
2017-07-26,1260.53,50.97
2017-07-27,1259.15,51.49
2017-07-28,1269.64,52.52
2017-07-31,1269.44,52.65
2017-08-01,1268.76,51.78
2017-08-02,1266.65,52.36
2017-08-03,1268.6,52.01
2017-08-04,1258.88,52.42
2017-08-07,1257.85,52.37
2017-08-08,1260.96,52.14
2017-08-09,1277.3,52.7
2017-08-10,1286.53,51.9
2017-08-11,1289.31,52.1
2017-08-14,1282.15,50.73
2017-08-15,1271.53,50.8
2017-08-16,1283.11,50.27
2017-08-17,1288.15,51.03
2017-08-18,1284.13,52.72
2017-08-21,1291.88,51.66
2017-08-22,1285.08,51.87
2017-08-23,1290.96,52.57
2017-08-24,1286.4,52.04
2017-08-25,1291.35,52.41
2017-08-28,1310.13,51.89
2017-08-29,1309.23,52.0
2017-08-30,1308.6,50.86
2017-08-31,1321.43,52.38
2017-09-01,1325.23,52.75
2017-09-04,1333.87,52.34
2017-09-05,1339.71,53.38
2017-09-06,1334.22,54.2
2017-09-07,1349.22,54.49
2017-09-08,1346.59,53.78
2017-09-11,1327.54,53.84
2017-09-12,1331.81,54.27
2017-09-13,1322.37,55.16
2017-09-14,1329.74,55.47
2017-09-15,1320.18,55.62
2017-09-18,1307.44,55.48
2017-09-19,1311.15,55.14
2017-09-20,1301.1,56.29
2017-09-21,1291.2,56.43
2017-09-22,1297.3,56.86
2017-09-25,1310.78,59.02
2017-09-26,1293.98,58.44
2017-09-27,1282.78,57.9
2017-09-28,1287.3,57.41
2017-09-29,1279.75,57.54
2017-10-02,1271.13,56.12
2017-10-03,1271.66,56.0
2017-10-04,1274.85,55.8
2017-10-05,1268.22,57.0
2017-10-06,1276.68,55.62
2017-10-09,1284.05,55.79
2017-10-10,1288.03,56.61
2017-10-11,1291.72,56.94
2017-10-12,1293.72,56.25
2017-10-13,1303.82,57.17
2017-10-16,1295.79,57.82
2017-10-17,1285.12,57.88
2017-10-18,1281.08,58.15
2017-10-19,1290.13,57.23
2017-10-20,1280.47,57.75
2017-10-23,1282.27,57.37
2017-10-24,1276.58,58.33
2017-10-25,1277.53,58.44
2017-10-26,1266.99,59.3
2017-10-27,1273.35,60.44
2017-10-30,1276.29,60.9
2017-10-31,1271.45,61.37
2017-11-01,1274.66,60.49
2017-11-02,1276.13,60.62
2017-11-03,1269.91,62.07
2017-11-06,1281.95,64.27
2017-11-07,1275.3,63.69
2017-11-08,1281.36,63.49
2017-11-09,1285.07,63.93
2017-11-10,1275.07,63.52
2017-11-13,1278.31,63.16
2017-11-14,1280.25,62.21
2017-11-15,1278.14,61.87
2017-11-16,1278.58,61.36
2017-11-17,1292.42,62.72
2017-11-20,1276.92,62.22
2017-11-21,1280.61,62.57
2017-11-22,1292.12,63.32
2017-11-23,1291.47,63.55
2017-11-24,1288.37,63.86
2017-11-27,1294.52,63.84
2017-11-28,1293.98,63.61
2017-11-29,1283.64,63.11
2017-11-30,1275.01,63.57
2017-12-01,1280.62,63.73
2017-12-04,1276.18,62.45
2017-12-05,1265.77,62.86
2017-12-06,1263.37,61.22
2017-12-07,1247.22,62.2
2017-12-08,1248.49,63.4
2017-12-11,1242.02,64.69
2017-12-12,1244.49,63.34
2017-12-13,1255.5,62.44
2017-12-14,1252.96,63.31
2017-12-15,1256.44,63.23
2017-12-18,1262.26,63.41
2017-12-19,1261.7,63.8
2017-12-20,1265.57,64.56
2017-12-21,1266.6,64.9
2017-12-22,1274.16,65.25
2017-12-25,1274.16,65.25
2017-12-26,1283.1,67.02
2017-12-27,1287.18,66.44
2017-12-28,1295.04,66.72
2017-12-29,1302.8,66.87
2018-01-01,1302.8,66.87
2018-01-02,1317.56,66.57
2018-01-03,1313.21,67.84
2018-01-04,1323.01,68.07
2018-01-05,1319.59,67.62
2018-01-08,1320.4,67.78
2018-01-09,1312.85,68.82
2018-01-10,1316.89,69.2
2018-01-11,1322.44,69.26
2018-01-12,1337.64,69.87
2018-01-15,1339.99,70.26
2018-01-16,1338.41,69.15
2018-01-17,1326.84,69.38
2018-01-18,1327.03,69.31
2018-01-19,1331.84,68.61
2018-01-22,1333.92,69.03
2018-01-23,1341.21,69.96
2018-01-24,1358.46,70.53
2018-01-25,1348.26,70.42
2018-01-26,1349.12,70.52
2018-01-29,1340.33,69.46
2018-01-30,1338.59,69.02
2018-01-31,1345.14,69.05
2018-02-01,1348.79,69.65
2018-02-02,1333.39,68.58
2018-02-05,1339.67,67.62
2018-02-06,1324.16,66.86
2018-02-07,1318.39,65.51
2018-02-08,1318.76,64.81
2018-02-09,1316.65,62.79
2018-02-12,1322.7,62.59
2018-02-13,1329.55,62.72
2018-02-14,1350.73,64.36
2018-02-15,1353.67,64.33
2018-02-16,1346.96,64.84
2018-02-19,1346.46,65.67
2018-02-20,1329.19,65.25
2018-02-21,1324.63,65.42
2018-02-22,1332.05,66.39
2018-02-23,1328.71,67.31
2018-02-26,1333.68,67.5
2018-02-27,1318.36,66.63
2018-02-28,1318.31,65.78
2018-03-01,1317.03,63.83
2018-03-02,1322.75,64.37
2018-03-05,1320.11,65.54
2018-03-06,1334.56,65.79
2018-03-07,1325.57,64.34
2018-03-08,1321.99,63.61
2018-03-09,1323.93,65.49
2018-03-12,1323.1,64.95
2018-03-13,1326.51,64.64
2018-03-14,1324.85,64.89
2018-03-15,1316.1,65.12
2018-03-16,1314.24,66.21
2018-03-19,1316.85,66.05
2018-03-20,1311.31,67.42
2018-03-21,1332.24,69.47
2018-03-22,1329.03,68.91
2018-03-23,1347.33,70.45
2018-03-26,1353.5,70.12
2018-03-27,1345.05,70.11
2018-03-28,1325.01,69.53
2018-03-29,1325.5,70.27
2018-03-30,1325.48,70.27
2018-04-02,1341.29,67.64
2018-04-03,1332.74,68.12
2018-04-04,1333.19,68.02
2018-04-05,1326.57,68.33
2018-04-06,1333.03,67.11
2018-04-09,1336.35,68.65
2018-04-10,1339.64,71.04
2018-04-11,1353.38,72.06
2018-04-12,1334.94,72.02
2018-04-13,1346.2,72.58
2018-04-16,1345.93,71.42
2018-04-17,1347.52,71.58
2018-04-18,1349.41,73.48
2018-04-19,1345.53,73.78
2018-04-20,1336.36,74.06
2018-04-23,1324.83,74.71
2018-04-24,1330.35,73.86
2018-04-25,1323.13,74.0
2018-04-26,1316.8,74.74
2018-04-27,1324.0,74.64
2018-04-30,1315.39,75.17
2018-05-01,1303.85,73.13
2018-05-02,1304.96,73.36
2018-05-03,1312.06,73.62
2018-05-04,1314.5,74.87
2018-05-07,1314.21,76.17
2018-05-08,1314.63,74.85
2018-05-09,1312.72,77.21
2018-05-10,1321.6,77.47
2018-05-11,1319.3,77.12
2018-05-14,1313.5,78.23
2018-05-15,1290.53,78.43
2018-05-16,1290.73,79.28
2018-05-17,1290.79,79.3
2018-05-18,1293.04,78.51
2018-05-21,1292.6,79.22
2018-05-22,1291.14,79.57
2018-05-23,1293.41,79.8
2018-05-24,1304.63,78.79
2018-05-25,1302.25,76.44
2018-05-28,1299.04,75.3
2018-05-29,1298.77,75.39
2018-05-30,1301.38,77.5
2018-05-31,1298.51,77.59
2018-06-01,1293.4,76.79
2018-06-04,1292.02,75.29
2018-06-05,1296.4,75.38
2018-06-06,1296.4,75.36
2018-06-07,1297.18,77.32
2018-06-08,1298.17,76.46
2018-06-11,1300.49,76.46
2018-06-12,1295.97,75.88
2018-06-13,1299.31,76.74
2018-06-14,1302.25,75.94
2018-06-15,1278.94,73.44
2018-06-18,1278.32,75.34
2018-06-19,1274.66,75.08
2018-06-20,1267.86,74.74
2018-06-21,1267.19,73.05
2018-06-22,1270.56,75.55
2018-06-25,1265.64,74.73
2018-06-26,1259.04,76.31
2018-06-27,1252.35,77.62
2018-06-28,1248.25,77.85
2018-06-29,1252.6,79.44
2018-07-02,1242.04,77.3
2018-07-03,1252.73,77.76
2018-07-04,1254.99,78.24
2018-07-05,1257.91,77.39
2018-07-06,1255.48,77.11
2018-07-09,1257.68,78.07
2018-07-10,1255.54,78.86
2018-07-11,1241.96,73.4
2018-07-12,1247.39,74.45
2018-07-13,1244.32,75.33
2018-07-16,1240.93,71.84
2018-07-17,1227.54,72.16
2018-07-18,1227.51,72.9
2018-07-19,1222.97,72.58
2018-07-20,1229.53,73.07
2018-07-23,1224.5,73.06
2018-07-24,1224.52,73.44
2018-07-25,1231.63,73.93
2018-07-26,1222.69,74.54
2018-07-27,1224.22,74.29
2018-07-30,1221.45,74.97
2018-07-31,1224.15,74.25
2018-08-01,1215.96,72.39
2018-08-02,1207.83,73.45
2018-08-03,1214.9,73.21
2018-08-06,1207.64,73.75
2018-08-07,1210.97,74.65
2018-08-08,1213.88,72.28
2018-08-09,1212.47,72.07
2018-08-10,1210.57,72.81
2018-08-13,1193.5,72.61
2018-08-14,1194.09,72.46
2018-08-15,1174.85,70.76
2018-08-16,1174.16,71.43
2018-08-17,1184.25,71.83
2018-08-20,1190.48,72.21
2018-08-21,1195.99,72.63
2018-08-22,1195.8,74.78
2018-08-23,1185.56,74.73
2018-08-24,1205.35,75.82
2018-08-27,1211.38,76.21
2018-08-28,1201.0,75.95
2018-08-29,1206.6,77.14
2018-08-30,1199.98,77.77
2018-08-31,1201.15,77.42
2018-09-03,1201.27,78.15
2018-09-04,1191.52,78.17
2018-09-05,1196.73,77.27
2018-09-06,1199.98,76.5
2018-09-07,1196.93,76.83
2018-09-10,1195.88,77.37
2018-09-11,1198.59,79.06
2018-09-12,1206.24,79.74
2018-09-13,1201.47,78.18
2018-09-14,1194.85,78.09
2018-09-17,1201.46,78.05
2018-09-18,1198.36,79.03
2018-09-19,1204.04,79.4
2018-09-20,1207.18,78.7
2018-09-21,1200.04,78.8
2018-09-24,1199.03,81.2
2018-09-25,1201.22,81.87
2018-09-26,1194.44,81.34
2018-09-27,1182.83,81.72
2018-09-28,1190.88,82.72
2018-10-01,1188.99,84.98
2018-10-02,1203.32,84.8
2018-10-03,1197.35,86.29
2018-10-04,1199.92,84.58
2018-10-05,1203.63,84.16
2018-10-08,1188.08,83.91
2018-10-09,1189.77,85.0
2018-10-10,1194.79,83.09
2018-10-11,1224.09,80.26
2018-10-12,1217.05,80.43
2018-10-15,1227.06,80.78
2018-10-16,1224.95,81.41
2018-10-17,1222.29,80.05
2018-10-18,1225.81,79.29
2018-10-19,1226.49,79.78
2018-10-22,1222.1,79.83
2018-10-23,1230.3,76.44
2018-10-24,1233.79,76.17
2018-10-25,1232.17,76.89
2018-10-26,1233.53,77.62
2018-10-29,1229.42,77.34
2018-10-30,1222.93,75.91
2018-10-31,1214.76,75.47
2018-11-01,1233.43,72.89
2018-11-02,1232.89,72.83
2018-11-05,1231.49,73.17
2018-11-06,1227.19,72.13
2018-11-07,1226.49,72.07
2018-11-08,1224.0,70.65
2018-11-09,1209.65,70.18
2018-11-12,1200.37,70.12
2018-11-13,1202.23,65.47
2018-11-14,1210.88,66.12
2018-11-15,1213.36,66.62
2018-11-16,1223.36,66.76
2018-11-19,1224.17,66.79
2018-11-20,1221.66,62.53
2018-11-21,1226.04,63.48
2018-11-22,1228.64,62.6
2018-11-23,1223.05,58.8
2018-11-26,1222.4,60.48
2018-11-27,1215.05,60.21
2018-11-28,1221.23,58.76
2018-11-29,1224.21,59.51
2018-11-30,1220.52,58.71
2018-12-03,1230.67,61.69
2018-12-04,1238.54,62.08
2018-12-05,1237.29,61.56
2018-12-06,1237.78,60.06
2018-12-07,1249.31,61.67
2018-12-10,1244.46,59.97
2018-12-11,1243.25,60.2
2018-12-12,1245.66,60.15
2018-12-13,1241.99,61.45
2018-12-14,1239.02,60.28
2018-12-17,1245.85,59.61
2018-12-18,1249.42,56.26
2018-12-19,1243.08,57.24
2018-12-20,1259.86,54.35
2018-12-21,1256.94,53.82
2018-12-24,1269.22,50.47
2018-12-25,1268.54,50.47
2018-12-26,1267.14,54.47
2018-12-27,1275.71,52.16
2018-12-28,1280.71,52.2
2018-12-31,1282.49,53.8
2019-01-01,1282.6,53.8
2019-01-02,1284.59,54.91
2019-01-03,1294.28,55.95
2019-01-04,1286.05,57.06
2019-01-07,1289.21,57.33
2019-01-08,1285.39,58.72
2019-01-09,1293.56,61.44
2019-01-10,1286.65,61.68
2019-01-11,1290.25,60.48
2019-01-14,1291.72,58.99
2019-01-15,1289.51,60.64
2019-01-16,1293.67,61.32
2019-01-17,1292.05,61.18
2019-01-18,1282.11,62.7
2019-01-21,1280.47,62.74
2019-01-22,1285.22,61.5
2019-01-23,1282.72,61.14
2019-01-24,1281.21,61.09
2019-01-25,1305.25,61.64
2019-01-28,1303.36,59.93
2019-01-29,1311.79,61.32
2019-01-30,1319.91,61.65
2019-01-31,1321.25,61.89
2019-02-01,1317.98,62.75
2019-02-04,1312.25,62.51
2019-02-05,1315.32,61.98
2019-02-06,1306.6,62.69
2019-02-07,1310.11,61.63
2019-02-08,1314.29,62.1
2019-02-11,1308.12,61.51
2019-02-12,1310.8,62.42
2019-02-13,1306.27,63.61
2019-02-14,1312.57,64.57
2019-02-15,1322.49,66.25
2019-02-18,1326.89,66.5
2019-02-19,1340.94,66.45
2019-02-20,1338.44,67.08
2019-02-21,1323.63,67.07
2019-02-22,1329.4,67.12
2019-02-25,1327.58,64.76
2019-02-26,1328.96,65.21
2019-02-27,1319.86,66.39
2019-02-28,1313.32,66.03
2019-03-01,1293.44,65.07
2019-03-04,1286.74,65.67
2019-03-05,1288.01,65.86
2019-03-06,1286.36,65.99
2019-03-07,1285.61,66.3
2019-03-08,1298.3,65.74
2019-03-11,1293.35,66.58
2019-03-12,1301.58,66.67
2019-03-13,1309.12,67.55
2019-03-14,1296.17,67.23
2019-03-15,1302.4,67.16
2019-03-18,1303.71,67.54
2019-03-19,1306.56,67.61
2019-03-20,1312.53,68.5
2019-03-21,1309.36,67.86
2019-03-22,1313.68,67.03
2019-03-25,1321.9,67.21
2019-03-26,1315.71,67.97
2019-03-27,1309.55,67.83
2019-03-28,1290.42,67.82
2019-03-29,1292.38,68.39
2019-04-01,1287.72,69.01
2019-04-02,1292.46,69.37
2019-04-03,1289.93,69.31
2019-04-04,1292.21,69.4
2019-04-05,1291.76,70.34
2019-04-08,1297.48,71.1
2019-04-09,1304.1,70.61
2019-04-10,1307.99,71.73
2019-04-11,1292.52,70.83
2019-04-12,1290.43,71.55
2019-04-15,1287.95,71.18
2019-04-16,1276.79,71.72
2019-04-17,1273.98,71.62
2019-04-18,1275.82,71.97
2019-04-19,1275.52,71.97
2019-04-22,1274.99,74.04
2019-04-23,1272.42,74.51
2019-04-24,1275.76,74.57
2019-04-25,1277.17,74.35
2019-04-26,1286.16,72.15
2019-04-29,1279.9,72.04
2019-04-30,1283.53,72.8
2019-05-01,1276.76,72.18
2019-05-02,1270.69,70.75
2019-05-03,1279.11,70.85
2019-05-06,1281.1,71.24
2019-05-07,1284.43,69.88
2019-05-08,1280.88,70.37
2019-05-09,1284.08,70.39
2019-05-10,1286.05,70.62
2019-05-13,1299.91,70.23
2019-05-14,1296.92,71.24
2019-05-15,1296.49,71.77
2019-05-16,1286.72,72.62
2019-05-17,1277.53,72.21
2019-05-20,1277.82,71.97
2019-05-21,1274.68,72.18
2019-05-22,1273.34,70.99
2019-05-23,1283.45,67.76
2019-05-24,1284.93,68.69
2019-05-27,1285.36,70.11
2019-05-28,1279.33,70.11
2019-05-29,1279.78,69.45
2019-05-30,1288.65,66.87
2019-05-31,1305.58,64.49
2019-06-03,1325.31,61.28
2019-06-04,1325.52,61.97
2019-06-05,1330.32,60.63
2019-06-06,1335.33,61.67
2019-06-07,1340.86,63.29
2019-06-10,1327.98,62.29
2019-06-11,1326.84,62.29
2019-06-12,1333.58,59.97
2019-06-13,1342.31,61.31
2019-06-14,1341.7,62.01
2019-06-17,1339.66,60.94
2019-06-18,1346.61,62.14
2019-06-19,1360.38,61.82
2019-06-20,1388.44,64.45
2019-06-21,1399.63,65.2
2019-06-24,1419.72,64.86
2019-06-25,1423.44,65.05
2019-06-26,1409.0,66.49
2019-06-27,1409.78,66.55
2019-06-28,1409.55,66.55
2019-07-01,1384.19,65.06
2019-07-02,1418.65,62.4
2019-07-03,1418.78,63.82
2019-07-04,1416.08,63.3
2019-07-05,1399.45,64.23
2019-07-08,1395.53,64.11
2019-07-09,1397.61,64.16
2019-07-10,1419.02,67.01
2019-07-11,1403.81,66.52
2019-07-12,1415.75,66.72
2019-07-15,1414.13,66.48
2019-07-16,1406.23,64.35
2019-07-17,1426.57,63.66
2019-07-18,1446.1,61.93
2019-07-19,1425.37,62.47
2019-07-22,1424.88,63.26
2019-07-23,1417.83,63.83
2019-07-24,1425.86,63.18
2019-07-25,1414.58,63.39
2019-07-26,1418.9,63.46
2019-07-29,1426.8,63.71
2019-07-30,1430.88,64.72
2019-07-31,1413.78,65.17
2019-08-01,1445.18,60.5
2019-08-02,1440.83,61.89
2019-08-05,1463.7,59.81
2019-08-06,1474.42,58.94
2019-08-07,1501.16,56.23
2019-08-08,1500.95,57.38
2019-08-09,1496.95,58.53
2019-08-12,1511.16,58.57
2019-08-13,1501.51,61.3
2019-08-14,1516.36,59.48
2019-08-15,1523.29,58.23
2019-08-16,1513.52,58.64
2019-08-19,1495.92,59.74
2019-08-20,1507.2,60.03
2019-08-21,1502.65,60.3
2019-08-22,1498.06,59.92
2019-08-23,1526.96,59.34
2019-08-26,1527.31,58.7
2019-08-27,1542.81,59.51
2019-08-28,1539.01,60.49
2019-08-29,1527.63,61.08
2019-08-30,1520.38,60.43
2019-09-02,1529.29,58.66
2019-09-03,1547.1,58.26
2019-09-04,1552.55,60.7
2019-09-05,1519.05,60.95
2019-09-06,1506.82,61.54
2019-09-09,1499.13,62.59
2019-09-10,1485.78,62.38
2019-09-11,1497.2,60.81
2019-09-12,1499.26,60.38
2019-09-13,1488.53,60.22
2019-09-16,1498.43,69.02
2019-09-17,1501.38,64.55
2019-09-18,1494.0,63.6
2019-09-19,1499.03,64.4
2019-09-20,1516.9,64.28
2019-09-23,1522.24,64.77
2019-09-24,1531.87,63.1
2019-09-25,1504.05,62.39
2019-09-26,1504.78,62.74
2019-09-27,1497.01,61.91
2019-09-30,1472.49,60.78
2019-10-01,1479.14,58.89
2019-10-02,1499.45,57.69
2019-10-03,1505.19,57.71
2019-10-04,1504.66,58.37
2019-10-07,1493.5,58.35
2019-10-08,1505.51,58.24
2019-10-09,1505.57,58.32
2019-10-10,1493.99,59.1
2019-10-11,1489.01,60.51
2019-10-14,1493.21,59.35
2019-10-15,1481.01,58.74
2019-10-16,1490.13,59.42
2019-10-17,1491.87,59.91
2019-10-18,1490.05,59.42
2019-10-21,1484.5,58.96
2019-10-22,1487.68,59.7
2019-10-23,1492.12,61.17
2019-10-24,1503.98,61.67
2019-10-25,1504.63,62.02
2019-10-28,1492.51,61.57
2019-10-29,1487.72,61.59
2019-10-30,1495.66,60.61
2019-10-31,1512.99,60.23
2019-11-01,1514.34,61.69
2019-11-04,1509.82,62.13
2019-11-05,1483.61,62.96
2019-11-06,1490.57,61.74
2019-11-07,1468.48,62.29
2019-11-08,1459.0,62.51
2019-11-11,1455.86,62.18
2019-11-12,1456.32,62.06
2019-11-13,1463.58,62.37
2019-11-14,1471.4,62.28
2019-11-15,1468.21,63.3
2019-11-18,1471.51,62.44
2019-11-19,1472.46,60.91
2019-11-20,1471.61,62.4
2019-11-21,1464.41,63.97
2019-11-22,1461.93,63.39
2019-11-25,1455.26,63.65
2019-11-26,1461.39,64.27
2019-11-27,1454.44,64.06
2019-11-28,1456.27,63.87
2019-11-29,1463.98,62.43
2019-12-02,1462.44,60.92
2019-12-03,1477.61,60.82
2019-12-04,1474.59,63.0
2019-12-05,1476.0,63.39
2019-12-06,1460.17,64.39
2019-12-09,1461.68,64.25
2019-12-10,1464.39,64.34
2019-12-11,1474.88,63.72
2019-12-12,1469.8,64.2
2019-12-13,1476.33,65.22
2019-12-16,1476.18,65.34
2019-12-17,1476.22,66.1
2019-12-18,1475.4,66.17
2019-12-19,1478.8,66.54
2019-12-20,1478.22,66.14
2019-12-23,1485.79,66.39
2019-12-24,1499.41,67.2
2019-12-25,1499.84,67.2
2019-12-26,1511.53,67.92
2019-12-27,1510.56,68.16
2019-12-30,1515.16,68.44
2019-12-31,1517.27,66.0
