Date,EUR1M BGN Curncy
2005-10-05,1.199289
2005-10-06,1.219944
2005-10-07,1.215042
2005-10-10,1.20857
2005-10-11,1.201209
2005-10-12,1.204269
2005-10-13,1.204489
2005-10-14,1.209415
2005-10-17,1.20454
2005-10-18,1.197873
2005-10-19,1.201127
2005-10-20,1.20432
2005-10-21,1.19736
2005-10-24,1.200702
2005-10-25,1.212667
2005-10-26,1.208891
2005-10-27,1.216054
2005-10-28,1.208844
2005-10-31,1.201139
2005-11-01,1.203978
2005-11-02,1.209288
2005-11-03,1.196433
2005-11-04,1.183189
2005-11-07,1.182385
2005-11-08,1.180194
2005-11-09,1.178371
2005-11-10,1.170568
2005-11-11,1.175275
2005-11-14,1.170761
2005-11-15,1.173904
2005-11-16,1.168938
2005-11-17,1.176886
2005-11-18,1.179346
2005-11-21,1.174327
2005-11-22,1.183353
2005-11-23,1.184236
2005-11-24,1.180723
2005-11-25,1.174333
2005-11-28,1.186851
2005-11-29,1.179911
2005-11-30,1.180802
2005-12-01,1.175616
2005-12-02,1.173702
2005-12-05,1.180853
2005-12-06,1.180003
2005-12-07,1.17443
2005-12-08,1.183762
2005-12-09,1.183155
2005-12-12,1.197573
2005-12-13,1.196604
2005-12-14,1.202047
2005-12-15,1.199881
2005-12-16,1.203287
2005-12-19,1.202749
2005-12-20,1.187921
2005-12-21,1.185655
2005-12-22,1.188765
2005-12-23,1.189003
2005-12-26,1.18658
2005-12-27,1.184731
2005-12-28,1.185325
2005-12-29,1.185959
2005-12-30,1.186864
2006-01-02,1.184186
2006-01-03,1.20395
2006-01-04,1.213976
2006-01-05,1.213095
2006-01-06,1.217212
2006-01-09,1.211046
2006-01-10,1.20868
2006-01-11,1.214922
2006-01-12,1.205742
2006-01-13,1.216363
2006-01-16,1.215075
2006-01-17,1.212907
2006-01-18,1.213503
2006-01-19,1.211897
2006-01-20,1.21571
2006-01-23,1.233091
2006-01-24,1.230319
2006-01-25,1.226238
2006-01-26,1.222835
2006-01-27,1.211443
2006-01-30,1.211046
2006-01-31,1.21765
2006-02-01,1.208537
2006-02-02,1.211142
2006-02-03,1.20443
2006-02-06,1.19872
2006-02-07,1.200123
2006-02-08,1.19812
2006-02-09,1.200018
2006-02-10,1.19241
2006-02-13,1.191658
2006-02-14,1.193552
2006-02-15,1.190844
2006-02-16,1.192518
2006-02-17,1.195922
2006-02-20,1.195514
2006-02-21,1.193001
2006-02-22,1.193293
2006-02-23,1.193678
2006-02-24,1.189681
2006-02-27,1.186914
2006-02-28,1.194255
2006-03-01,1.194383
2006-03-02,1.206002
2006-03-03,1.206608
2006-03-06,1.203953
2006-03-07,1.190966
2006-03-08,1.194608
2006-03-09,1.193121
2006-03-10,1.193424
2006-03-13,1.198765
2006-03-14,1.203611
2006-03-15,1.209159
2006-03-16,1.220528
2006-03-17,1.22124
2006-03-20,1.218893
2006-03-21,1.211818
2006-03-22,1.210051
2006-03-23,1.199542
2006-03-24,1.205847
2006-03-27,1.203773
2006-03-28,1.202103
2006-03-29,1.204422
2006-03-30,1.218895
2006-03-31,1.213987
2006-04-03,1.216089
2006-04-04,1.228268
2006-04-05,1.231193
2006-04-06,1.225237
2006-04-07,1.211513
2006-04-10,1.213319
2006-04-11,1.216906
2006-04-12,1.212677
2006-04-13,1.213083
2006-04-14,1.213275
2006-04-17,1.227295
2006-04-18,1.237194
2006-04-19,1.240623
2006-04-20,1.234054
2006-04-21,1.23646
2006-04-24,1.241176
2006-04-25,1.245733
2006-04-26,1.248059
2006-04-27,1.255941
2006-04-28,1.266235
2006-05-01,1.261529
2006-05-02,1.264078
2006-05-03,1.265928
2006-05-04,1.271754
2006-05-05,1.27526
2006-05-08,1.274129
2006-05-09,1.278548
2006-05-10,1.280868
2006-05-11,1.286271
2006-05-12,1.295491
2006-05-15,1.282508
2006-05-16,1.288628
2006-05-17,1.276927
2006-05-18,1.28702
2006-05-19,1.28039
2006-05-22,1.28935
2006-05-23,1.284158
2006-05-24,1.277962
2006-05-25,1.282439
2006-05-26,1.276333
2006-05-29,1.27745
2006-05-30,1.289641
2006-05-31,1.283547
2006-06-01,1.282852
2006-06-02,1.294268
2006-06-05,1.29305
2006-06-06,1.285927
2006-06-07,1.281128
2006-06-08,1.267646
2006-06-09,1.266348
2006-06-12,1.261131
2006-06-13,1.255984
2006-06-14,1.262239
2006-06-15,1.266197
2006-06-16,1.266712
2006-06-19,1.260178
2006-06-20,1.260591
2006-06-21,1.268624
2006-06-22,1.260366
2006-06-23,1.253137
2006-06-26,1.260546
2006-06-27,1.260408
2006-06-28,1.258246
2006-06-29,1.269171
2006-06-30,1.281946
2006-07-03,1.28316
2006-07-04,1.282784
2006-07-05,1.275081
2006-07-06,1.28079
2006-07-07,1.28371
2006-07-10,1.275756
2006-07-11,1.28018
2006-07-12,1.273077
2006-07-13,1.271563
2006-07-14,1.267842
2006-07-17,1.254572
2006-07-18,1.253197
2006-07-19,1.261224
2006-07-20,1.265416
2006-07-21,1.272114
2006-07-24,1.266258
2006-07-25,1.260371
2006-07-26,1.274417
2006-07-27,1.272401
2006-07-28,1.278474
2006-07-31,1.279555
2006-08-01,1.285368
2006-08-02,1.281347
2006-08-03,1.282854
2006-08-04,1.289919
2006-08-07,1.286959
2006-08-08,1.285827
2006-08-09,1.288553
2006-08-10,1.281838
2006-08-11,1.274529
2006-08-14,1.27398
2006-08-15,1.280912
2006-08-16,1.286339
2006-08-17,1.285246
2006-08-18,1.284833
2006-08-21,1.291776
2006-08-22,1.282839
2006-08-23,1.281138
2006-08-24,1.278955
2006-08-25,1.277636
2006-08-28,1.280368
2006-08-29,1.284703
2006-08-30,1.285765
2006-08-31,1.283678
2006-09-01,1.28578
2006-09-04,1.289681
2006-09-05,1.284217
2006-09-06,1.28303
2006-09-07,1.275458
2006-09-08,1.26964
2006-09-11,1.27254
2006-09-12,1.271266
2006-09-13,1.271288
2006-09-14,1.274799
2006-09-15,1.268783
2006-09-18,1.27268
2006-09-19,1.2702
2006-09-20,1.270927
2006-09-21,1.280246
2006-09-22,1.280631
2006-09-25,1.27682
2006-09-26,1.271431
2006-09-27,1.272323
2006-09-28,1.272527
2006-09-29,1.269607
2006-10-02,1.27614
2006-10-03,1.275441
2006-10-04,1.273652
2006-10-05,1.271557
2006-10-06,1.26222
2006-10-09,1.261655
2006-10-10,1.255875
2006-10-11,1.253499
2006-10-12,1.257598
2006-10-13,1.25339
2006-10-16,1.255526
2006-10-17,1.256653
2006-10-18,1.255384
2006-10-19,1.264657
2006-10-20,1.263892
2006-10-23,1.257417
2006-10-24,1.257942
2006-10-25,1.262183
2006-10-26,1.27139
2006-10-27,1.276135
2006-10-30,1.274541
2006-10-31,1.278399
2006-11-01,1.27782
2006-11-02,1.279951
2006-11-03,1.273846
2006-11-06,1.274447
2006-11-07,1.279897
2006-11-08,1.277822
2006-11-09,1.284961
2006-11-10,1.286055
2006-11-13,1.282545
2006-11-14,1.283258
2006-11-15,1.284897
2006-11-16,1.281608
2006-11-17,1.284806
2006-11-20,1.283598
2006-11-21,1.286663
2006-11-22,1.296573
2006-11-23,1.29645
2006-11-24,1.311375
2006-11-27,1.315371
2006-11-28,1.321808
2006-11-29,1.317563
2006-11-30,1.326178
2006-12-01,1.335682
2006-12-04,1.33633
2006-12-05,1.33363
2006-12-06,1.330658
2006-12-07,1.330633
2006-12-08,1.322109
2006-12-11,1.325782
2006-12-12,1.330535
2006-12-13,1.323365
2006-12-14,1.316196
2006-12-15,1.309885
2006-12-18,1.311803
2006-12-19,1.32165
2006-12-20,1.31919
2006-12-21,1.319608
2006-12-22,1.314738
2006-12-25,1.314033
2006-12-26,1.311634
2006-12-27,1.313397
2006-12-28,1.3169
2006-12-29,1.321722
2007-01-01,1.322127
2007-01-02,1.329235
2007-01-03,1.318811
2007-01-04,1.3103
2007-01-05,1.302088
2007-01-08,1.304408
2007-01-09,1.301955
2007-01-10,1.295684
2007-01-11,1.291175
2007-01-12,1.294176
2007-01-15,1.295852
2007-01-16,1.293795
2007-01-17,1.295734
2007-01-18,1.298178
2007-01-19,1.297577
2007-01-22,1.297092
2007-01-23,1.304547
2007-01-24,1.298879
2007-01-25,1.294915
2007-01-26,1.293354
2007-01-29,1.297405
2007-01-30,1.298708
2007-01-31,1.304915
2007-02-01,1.30391
2007-02-02,1.297808
2007-02-05,1.294602
2007-02-06,1.300203
2007-02-07,1.302909
2007-02-08,1.305909
2007-02-09,1.302507
2007-02-12,1.298295
2007-02-13,1.305606
2007-02-14,1.31481
2007-02-15,1.315777
2007-02-16,1.315477
2007-02-19,1.317271
2007-02-20,1.315461
2007-02-21,1.315548
2007-02-22,1.314218
2007-02-23,1.318217
2007-02-26,1.320517
2007-02-27,1.326033
2007-02-28,1.324661
2007-03-01,1.320337
2007-03-02,1.32113
2007-03-05,1.310865
2007-03-06,1.314601
2007-03-07,1.319444
2007-03-08,1.31495
2007-03-09,1.313238
2007-03-12,1.320636
2007-03-13,1.32139
2007-03-14,1.323941
2007-03-15,1.325445
2007-03-16,1.333455
2007-03-19,1.331954
2007-03-20,1.333506
2007-03-21,1.340252
2007-03-22,1.334755
2007-03-23,1.32995
2007-03-26,1.334757
2007-03-27,1.336912
2007-03-28,1.332966
2007-03-29,1.334702
2007-03-30,1.337006
2007-04-02,1.338205
2007-04-03,1.334711
2007-04-04,1.338414
2007-04-05,1.344527
2007-04-06,1.339522
2007-04-09,1.337015
2007-04-10,1.345737
2007-04-11,1.344779
2007-04-12,1.349838
2007-04-13,1.354345
2007-04-16,1.355145
2007-04-17,1.358403
2007-04-18,1.362604
2007-04-19,1.362945
2007-04-20,1.360641
2007-04-23,1.359375
2007-04-24,1.365811
2007-04-25,1.365565
2007-04-26,1.361807
2007-04-27,1.367022
2007-04-30,1.366566
2007-05-01,1.362156
2007-05-02,1.360904
2007-05-03,1.356595
2007-05-04,1.3608
2007-05-07,1.361905
2007-05-08,1.356053
2007-05-09,1.354505
2007-05-10,1.350182
2007-05-11,1.354067
2007-05-14,1.35636
2007-05-15,1.360811
2007-05-16,1.353152
2007-05-17,1.351017
2007-05-18,1.352511
2007-05-21,1.348587
2007-05-22,1.346433
2007-05-23,1.347477
2007-05-24,1.344439
2007-05-25,1.345741
2007-05-28,1.34669
2007-05-29,1.346238
2007-05-30,1.344419
2007-05-31,1.346789
2007-06-01,1.346338
2007-06-04,1.35044
2007-06-05,1.353929
2007-06-06,1.351875
2007-06-07,1.344677
2007-06-08,1.338649
2007-06-11,1.337045
2007-06-12,1.331632
2007-06-13,1.332489
2007-06-14,1.33254
2007-06-15,1.34015
2007-06-18,1.342749
2007-06-19,1.344142
2007-06-20,1.341794
2007-06-21,1.340246
2007-06-22,1.348357
2007-06-25,1.347655
2007-06-26,1.346947
2007-06-27,1.346757
2007-06-28,1.34631
2007-06-29,1.355524
2007-07-02,1.363784
2007-07-03,1.362388
2007-07-04,1.36274
2007-07-05,1.361325
2007-07-06,1.364127
2007-07-09,1.364118
2007-07-10,1.376189
2007-07-11,1.375944
2007-07-12,1.380347
2007-07-13,1.379645
2007-07-16,1.378728
2007-07-17,1.379567
2007-07-18,1.381743
2007-07-19,1.381838
2007-07-20,1.38414
2007-07-23,1.382233
2007-07-24,1.383785
2007-07-25,1.373632
2007-07-26,1.376125
2007-07-27,1.36503
2007-07-30,1.371278
2007-07-31,1.36994
2007-08-01,1.368188
2007-08-02,1.371741
2007-08-03,1.378737
2007-08-06,1.380846
2007-08-07,1.37509
2007-08-08,1.381304
2007-08-09,1.369381
2007-08-10,1.371005
2007-08-13,1.362987
2007-08-14,1.354875
2007-08-15,1.345643
2007-08-16,1.343971
2007-08-17,1.348871
2007-08-20,1.348863
2007-08-21,1.34793
2007-08-22,1.35559
2007-08-23,1.357795
2007-08-24,1.368859
2007-08-27,1.366
2007-08-28,1.36162
2007-08-29,1.369301
2007-08-30,1.364173
2007-08-31,1.364541
2007-09-03,1.364246
2007-09-04,1.362386
2007-09-05,1.36634
2007-09-06,1.370817
2007-09-07,1.378357
2007-09-10,1.381771
2007-09-11,1.385539
2007-09-12,1.391936
2007-09-13,1.389865
2007-09-14,1.388776
2007-09-17,1.387936
2007-09-18,1.399671
2007-09-19,1.396349
2007-09-20,1.407365
2007-09-21,1.410071
2007-09-24,1.409675
2007-09-25,1.41484
2007-09-26,1.413988
2007-09-27,1.416402
2007-09-28,1.42784
2007-10-01,1.424317
2007-10-02,1.416529
2007-10-03,1.410124
2007-10-04,1.41479
2007-10-05,1.414591
2007-10-08,1.405804
2007-10-09,1.411672
2007-10-10,1.415593
2007-10-11,1.420683
2007-10-12,1.418866
2007-10-15,1.421626
2007-10-16,1.418381
2007-10-17,1.421817
2007-10-18,1.430483
2007-10-19,1.430978
2007-10-22,1.419002
2007-10-23,1.427174
2007-10-24,1.427378
2007-10-25,1.43311
2007-10-26,1.44
2007-10-29,1.443265
2007-10-30,1.443995
2007-10-31,1.449428
2007-11-01,1.443165
2007-11-02,1.451095
2007-11-05,1.447607
2007-11-06,1.456435
2007-11-07,1.4644
2007-11-08,1.468265
2007-11-09,1.46846
2007-11-12,1.453757
2007-11-13,1.460927
2007-11-14,1.465878
2007-11-15,1.461965
2007-11-16,1.46699
2007-11-19,1.46729
2007-11-20,1.484895
2007-11-21,1.48653
2007-11-22,1.485644
2007-11-23,1.484455
2007-11-26,1.48801
2007-11-27,1.483915
2007-11-28,1.48523
2007-11-29,1.475405
2007-11-30,1.46434
2007-12-03,1.467736
2007-12-04,1.476838
2007-12-05,1.461961
2007-12-06,1.464669
2007-12-07,1.466495
2007-12-10,1.47186
2007-12-11,1.466092
2007-12-12,1.471
2007-12-13,1.46376
2007-12-14,1.443491
2007-12-17,1.440835
2007-12-18,1.442263
2007-12-19,1.438878
2007-12-20,1.43363
2007-12-21,1.439024
2007-12-24,1.4403
2007-12-25,1.441011
2007-12-26,1.449715
2007-12-27,1.463755
2007-12-28,1.47317
2007-12-31,1.459728
2008-01-01,1.460022
2008-01-02,1.472139
2008-01-03,1.47551
2008-01-04,1.474687
2008-01-07,1.469902
2008-01-08,1.470935
2008-01-09,1.466105
2008-01-10,1.480427
2008-01-11,1.4775
2008-01-14,1.48673
2008-01-15,1.480215
2008-01-16,1.464985
2008-01-17,1.463963
2008-01-18,1.461783
2008-01-21,1.44503
2008-01-22,1.461886
2008-01-23,1.461835
2008-01-24,1.474446
2008-01-25,1.467067
2008-01-28,1.477042
2008-01-29,1.47665
2008-01-30,1.485012
2008-01-31,1.48494
2008-02-01,1.479193
2008-02-04,1.482014
2008-02-05,1.46358
2008-02-06,1.461969
2008-02-07,1.447336
2008-02-08,1.449209
2008-02-11,1.450716
2008-02-12,1.457255
2008-02-13,1.45611
2008-02-14,1.463179
2008-02-15,1.467031
2008-02-18,1.46461
2008-02-19,1.471274
2008-02-20,1.470179
2008-02-21,1.480204
2008-02-22,1.481502
2008-02-25,1.481791
2008-02-26,1.496217
2008-02-27,1.510779
2008-02-28,1.517964
2008-02-29,1.51652
2008-03-03,1.518892
2008-03-04,1.520221
2008-03-05,1.524992
2008-03-06,1.536409
2008-03-07,1.533736
2008-03-10,1.532409
2008-03-11,1.53189
2008-03-12,1.553236
2008-03-13,1.561432
2008-03-14,1.56518
2008-03-17,1.57072
2008-03-18,1.560359
2008-03-19,1.560561
2008-03-20,1.540735
2008-03-21,1.541134
2008-03-24,1.540235
2008-03-25,1.562943
2008-03-26,1.582666
2008-03-27,1.576299
2008-03-28,1.577905
2008-03-31,1.577182
2008-04-01,1.559676
2008-04-02,1.566922
2008-04-03,1.566675
2008-04-04,1.571935
2008-04-07,1.569334
2008-04-08,1.569278
2008-04-09,1.581161
2008-04-10,1.572259
2008-04-11,1.578766
2008-04-14,1.581194
2008-04-15,1.576914
2008-04-16,1.592906
2008-04-17,1.589044
2008-04-18,1.58013
2008-04-21,1.58948
2008-04-22,1.5972
2008-04-23,1.58698
2008-04-24,1.566333
2008-04-25,1.561109
2008-04-28,1.563855
2008-04-29,1.555245
2008-04-30,1.560207
2008-05-01,1.545378
2008-05-02,1.540256
2008-05-05,1.547311
2008-05-06,1.551021
2008-05-07,1.536945
2008-05-08,1.537027
2008-05-09,1.545901
2008-05-12,1.552973
2008-05-13,1.54507
2008-05-14,1.545096
2008-05-15,1.542405
2008-05-16,1.555334
2008-05-19,1.548401
2008-05-20,1.561975
2008-05-21,1.576974
2008-05-22,1.570765
2008-05-23,1.573682
2008-05-26,1.57433
2008-05-27,1.5666
2008-05-28,1.561518
2008-05-29,1.549779
2008-05-30,1.553254
2008-06-02,1.551275
2008-06-03,1.542168
2008-06-04,1.541751
2008-06-05,1.557065
2008-06-06,1.575564
2008-06-09,1.562332
2008-06-10,1.544298
2008-06-11,1.552863
2008-06-12,1.54178
2008-06-13,1.535924
2008-06-16,1.545645
2008-06-17,1.548815
2008-06-18,1.551194
2008-06-19,1.548208
2008-06-20,1.558415
2008-06-23,1.549535
2008-06-24,1.554387
2008-06-25,1.564388
2008-06-26,1.573515
2008-06-27,1.577115
2008-06-30,1.572965
2008-07-01,1.576889
2008-07-02,1.585864
2008-07-03,1.567899
2008-07-04,1.568185
2008-07-07,1.56998
2008-07-08,1.564504
2008-07-09,1.571814
2008-07-10,1.576267
2008-07-11,1.59131
2008-07-14,1.588114
2008-07-15,1.588464
2008-07-16,1.580155
2008-07-17,1.583768
2008-07-18,1.582162
2008-07-21,1.589492
2008-07-22,1.57575
2008-07-23,1.56727
2008-07-24,1.565168
2008-07-25,1.568427
2008-07-28,1.571761
2008-07-29,1.556602
2008-07-30,1.55503
2008-07-31,1.557773
2008-08-01,1.553875
2008-08-04,1.55501
2008-08-05,1.542865
2008-08-06,1.538335
2008-08-07,1.530025
2008-08-08,1.498046
2008-08-11,1.488315
2008-08-12,1.490091
2008-08-13,1.489467
2008-08-14,1.48015
2008-08-15,1.466274
2008-08-18,1.466828
2008-08-19,1.475095
2008-08-20,1.47225
2008-08-21,1.487465
2008-08-22,1.476882
2008-08-25,1.472874
2008-08-26,1.462859
2008-08-27,1.470257
2008-08-28,1.468308
2008-08-29,1.465013
2008-09-01,1.459422
2008-09-02,1.449598
2008-09-03,1.44746
2008-09-04,1.43025
2008-09-05,1.424445
2008-09-08,1.410525
2008-09-09,1.411024
2008-09-10,1.397363
2008-09-11,1.397513
2008-09-12,1.420089
2008-09-15,1.422471
2008-09-16,1.412143
2008-09-17,1.434445
2008-09-18,1.436
2008-09-19,1.446431
2008-09-22,1.477168
2008-09-23,1.464858
2008-09-24,1.46244
2008-09-25,1.460898
2008-09-26,1.462266
2008-09-29,1.445057
2008-09-30,1.41368
2008-10-01,1.402974
2008-10-02,1.38304
2008-10-03,1.37694
2008-10-06,1.350345
2008-10-07,1.359953
2008-10-08,1.36886
2008-10-09,1.36314
2008-10-10,1.342908
2008-10-13,1.358941
2008-10-14,1.36259
2008-10-15,1.34922
2008-10-16,1.34507
2008-10-17,1.339834
2008-10-20,1.333325
2008-10-21,1.30506
2008-10-22,1.28452
2008-10-23,1.292307
2008-10-24,1.261696
2008-10-27,1.248824
2008-10-28,1.267528
2008-10-29,1.295178
2008-10-30,1.290345
2008-10-31,1.271113
2008-11-03,1.262805
2008-11-04,1.2962
2008-11-05,1.293653
2008-11-06,1.269723
2008-11-07,1.26971
2008-11-10,1.272548
2008-11-11,1.249959
2008-11-12,1.24851
2008-11-13,1.275173
2008-11-14,1.258909
2008-11-17,1.263301
2008-11-18,1.259987
2008-11-19,1.247276
2008-11-20,1.243992
2008-11-21,1.257517
2008-11-24,1.294444
2008-11-25,1.305575
2008-11-26,1.287285
2008-11-27,1.289976
2008-11-28,1.268632
2008-12-01,1.260633
2008-12-02,1.27094
2008-12-03,1.271234
2008-12-04,1.277
2008-12-05,1.270786
2008-12-08,1.295
2008-12-09,1.291223
2008-12-10,1.300875
2008-12-11,1.333784
2008-12-12,1.335445
2008-12-15,1.367438
2008-12-16,1.398825
2008-12-17,1.440418
2008-12-18,1.422582
2008-12-19,1.389791
2008-12-22,1.392918
2008-12-23,1.391565
2008-12-24,1.399998
2008-12-25,1.401145
2008-12-26,1.401492
2008-12-29,1.391119
2008-12-30,1.403904
2008-12-31,1.395263
2009-01-01,1.402623
2009-01-02,1.390287
2009-01-05,1.36176
2009-01-06,1.351937
2009-01-07,1.362615
2009-01-08,1.3684
2009-01-09,1.34582
2009-01-12,1.33432
2009-01-13,1.316501
2009-01-14,1.317575
2009-01-15,1.310225
2009-01-16,1.325517
2009-01-19,1.305699
2009-01-20,1.289312
2009-01-21,1.301563
2009-01-22,1.299297
2009-01-23,1.29682
2009-01-26,1.318223
2009-01-27,1.315255
2009-01-28,1.315927
2009-01-29,1.29478
2009-01-30,1.280741
2009-02-02,1.283868
2009-02-03,1.303395
2009-02-04,1.284376
2009-02-05,1.278545
2009-02-06,1.293398
2009-02-09,1.299703
2009-02-10,1.29071
2009-02-11,1.29002
2009-02-12,1.285555
2009-02-13,1.285691
2009-02-16,1.279622
2009-02-17,1.257781
2009-02-18,1.252562
2009-02-19,1.266969
2009-02-20,1.282108
2009-02-23,1.268905
2009-02-24,1.28416
2009-02-25,1.271902
2009-02-26,1.274069
2009-02-27,1.266627
2009-03-02,1.257536
2009-03-03,1.255909
2009-03-04,1.26593
2009-03-05,1.253905
2009-03-06,1.265212
2009-03-09,1.261129
2009-03-10,1.268253
2009-03-11,1.28358
2009-03-12,1.291178
2009-03-13,1.292659
2009-03-16,1.296675
2009-03-17,1.301558
2009-03-18,1.347204
2009-03-19,1.366315
2009-03-20,1.358
2009-03-23,1.363125
2009-03-24,1.346653
2009-03-25,1.358205
2009-03-26,1.352496
2009-03-27,1.328623
2009-03-30,1.319819
2009-03-31,1.324912
2009-04-01,1.324826
2009-04-02,1.345949
2009-04-03,1.348467
2009-04-06,1.341463
2009-04-07,1.327036
2009-04-08,1.32795
2009-04-09,1.3166
2009-04-10,1.318574
2009-04-13,1.336486
2009-04-14,1.325549
2009-04-15,1.32235
2009-04-16,1.31822
2009-04-17,1.303953
2009-04-20,1.291671
2009-04-21,1.294383
2009-04-22,1.300032
2009-04-23,1.314029
2009-04-24,1.323909
2009-04-27,1.303335
2009-04-28,1.314778
2009-04-29,1.326949
2009-04-30,1.322841
2009-05-01,1.327151
2009-05-04,1.340443
2009-05-05,1.332898
2009-05-06,1.333403
2009-05-07,1.338818
2009-05-08,1.363122
2009-05-11,1.357896
2009-05-12,1.364472
2009-05-13,1.359729
2009-05-14,1.363702
2009-05-15,1.349248
2009-05-18,1.355908
2009-05-19,1.362575
2009-05-20,1.377489
2009-05-21,1.388564
2009-05-22,1.39937
2009-05-25,1.401233
2009-05-26,1.398039
2009-05-27,1.38212
2009-05-28,1.393768
2009-05-29,1.415474
2009-06-01,1.41559
2009-06-02,1.429958
2009-06-03,1.415827
2009-06-04,1.417868
2009-06-05,1.39637
2009-06-08,1.389572
2009-06-09,1.406055
2009-06-10,1.397961
2009-06-11,1.410391
2009-06-12,1.4012
2009-06-15,1.37991
2009-06-16,1.383298
2009-06-17,1.393843
2009-06-18,1.389658
2009-06-19,1.393434
2009-06-22,1.386268
2009-06-23,1.407511
2009-06-24,1.392803
2009-06-25,1.398785
2009-06-26,1.405592
2009-06-29,1.408239
2009-06-30,1.403314
2009-07-01,1.414224
2009-07-02,1.40039
2009-07-03,1.398069
2009-07-06,1.398427
2009-07-07,1.392481
2009-07-08,1.38849
2009-07-09,1.402075
2009-07-10,1.393671
2009-07-13,1.397896
2009-07-14,1.396816
2009-07-15,1.410811
2009-07-16,1.414917
2009-07-17,1.410286
2009-07-20,1.42316
2009-07-21,1.42265
2009-07-22,1.422045
2009-07-23,1.41435
2009-07-24,1.420245
2009-07-27,1.42325
2009-07-28,1.416755
2009-07-29,1.40506
2009-07-30,1.407578
2009-07-31,1.42577
2009-08-03,1.44127
2009-08-04,1.440885
2009-08-05,1.440495
2009-08-06,1.434593
2009-08-07,1.418375
2009-08-10,1.414079
2009-08-11,1.414943
2009-08-12,1.41884
2009-08-13,1.429221
2009-08-14,1.420325
2009-08-17,1.408226
2009-08-18,1.413641
2009-08-19,1.422425
2009-08-20,1.425404
2009-08-21,1.432594
2009-08-24,1.430397
2009-08-25,1.429709
2009-08-26,1.425512
2009-08-27,1.434104
2009-08-28,1.430312
2009-08-31,1.433418
2009-09-01,1.422418
2009-09-02,1.426417
2009-09-03,1.425214
2009-09-04,1.429708
2009-09-07,1.433226
2009-09-08,1.447803
2009-09-09,1.455723
2009-09-10,1.458209
2009-09-11,1.457085
2009-09-14,1.461786
2009-09-15,1.465805
2009-09-16,1.470918
2009-09-17,1.474114
2009-09-18,1.471216
2009-09-21,1.468009
2009-09-22,1.478999
2009-09-23,1.473499
2009-09-24,1.46658
2009-09-25,1.468867
2009-09-28,1.462176
2009-09-29,1.458679
2009-09-30,1.463977
2009-10-01,1.454456
2009-10-02,1.457547
2009-10-05,1.464725
2009-10-06,1.47215
2009-10-07,1.469006
2009-10-08,1.479338
2009-10-09,1.47312
2009-10-12,1.477215
2009-10-13,1.48531
2009-10-14,1.492407
2009-10-15,1.494596
2009-10-16,1.490411
2009-10-19,1.49641
2009-10-20,1.494413
2009-10-21,1.501513
2009-10-22,1.503213
2009-10-23,1.500717
2009-10-26,1.487512
2009-10-27,1.4803
2009-10-28,1.470505
2009-10-29,1.482084
2009-10-30,1.471793
2009-11-02,1.47738
2009-11-03,1.472273
2009-11-04,1.485975
2009-11-05,1.48698
2009-11-06,1.484569
2009-11-09,1.499764
2009-11-10,1.49916
2009-11-11,1.498555
2009-11-12,1.484853
2009-11-13,1.490141
2009-11-16,1.496838
2009-11-17,1.487404
2009-11-18,1.496086
2009-11-19,1.492269
2009-11-20,1.48597
2009-11-23,1.495855
2009-11-24,1.496579
2009-11-25,1.513193
2009-11-26,1.501706
2009-11-27,1.498684
2009-11-30,1.500355
2009-12-01,1.507945
2009-12-02,1.50425
2009-12-03,1.505157
2009-12-04,1.48567
2009-12-07,1.482566
2009-12-08,1.47028
2009-12-09,1.472505
2009-12-10,1.47308
2009-12-11,1.46138
2009-12-14,1.465484
2009-12-15,1.453705
2009-12-16,1.453005
2009-12-17,1.433712
2009-12-18,1.43372
2009-12-21,1.427525
2009-12-22,1.424875
2009-12-23,1.433662
2009-12-24,1.437955
2009-12-25,1.441065
2009-12-28,1.437765
2009-12-29,1.435368
2009-12-30,1.433842
2009-12-31,1.432044
2010-01-01,1.43234
2010-01-04,1.44124
2010-01-05,1.436435
2010-01-06,1.44073
2010-01-07,1.430719
2010-01-08,1.440814
2010-01-11,1.451214
2010-01-12,1.448537
2010-01-13,1.45092
2010-01-14,1.44981
2010-01-15,1.438607
2010-01-18,1.438309
2010-01-19,1.428703
2010-01-20,1.4105
2010-01-21,1.408283
2010-01-22,1.413798
2010-01-25,1.415006
2010-01-26,1.407103
2010-01-27,1.402308
2010-01-28,1.397007
2010-01-29,1.386207
2010-02-01,1.393008
2010-02-02,1.396307
2010-02-03,1.389209
2010-02-04,1.372212
2010-02-05,1.367731
2010-02-08,1.364835
2010-02-09,1.379656
2010-02-10,1.373622
2010-02-11,1.36922
2010-02-12,1.363119
2010-02-15,1.359725
2010-02-16,1.376931
2010-02-17,1.360631
2010-02-18,1.352654
2010-02-19,1.361239
2010-02-22,1.359539
2010-02-23,1.350635
2010-02-24,1.353731
2010-02-25,1.354734
2010-02-26,1.363032
2010-03-01,1.355933
2010-03-02,1.361438
2010-03-03,1.369641
2010-03-04,1.358045
2010-03-05,1.362544
2010-03-08,1.363385
2010-03-09,1.360175
2010-03-10,1.36566
2010-03-11,1.368065
2010-03-12,1.376879
2010-03-15,1.367732
2010-03-16,1.376626
2010-03-17,1.37384
2010-03-18,1.360829
2010-03-19,1.353032
2010-03-22,1.35585
2010-03-23,1.349951
2010-03-24,1.331535
2010-03-25,1.327326
2010-03-26,1.340997
2010-03-29,1.348334
2010-03-30,1.341445
2010-03-31,1.351033
2010-04-01,1.358938
2010-04-02,1.350439
2010-04-05,1.348439
2010-04-06,1.339936
2010-04-07,1.334442
2010-04-08,1.336145
2010-04-09,1.35005
2010-04-12,1.359246
2010-04-13,1.36146
2010-04-14,1.36539
2010-04-15,1.357391
2010-04-16,1.350389
2010-04-19,1.34899
2010-04-20,1.34357
2010-04-21,1.339078
2010-04-22,1.329581
2010-04-23,1.33848
2010-04-26,1.338375
2010-04-27,1.317584
2010-04-28,1.32225
2010-04-29,1.323413
2010-04-30,1.329546
2010-05-03,1.319621
2010-05-04,1.29886
2010-05-05,1.281581
2010-05-06,1.262407
2010-05-07,1.2758
2010-05-10,1.278875
2010-05-11,1.266405
2010-05-12,1.261583
2010-05-13,1.25368
2010-05-14,1.23603
2010-05-17,1.239735
2010-05-18,1.22043
2010-05-19,1.241741
2010-05-20,1.248955
2010-05-21,1.257276
2010-05-24,1.237558
2010-05-25,1.235
2010-05-26,1.218308
2010-05-27,1.2365
2010-05-28,1.22772
2010-05-31,1.230999
2010-06-01,1.22332
2010-06-02,1.2253
2010-06-03,1.216647
2010-06-04,1.19701
2010-06-07,1.192645
2010-06-08,1.197636
2010-06-09,1.198207
2010-06-10,1.212674
2010-06-11,1.211488
2010-06-14,1.222398
2010-06-15,1.233523
2010-06-16,1.231421
2010-06-17,1.239211
2010-06-18,1.239091
2010-06-21,1.231445
2010-06-22,1.227351
2010-06-23,1.231364
2010-06-24,1.233529
2010-06-25,1.237096
2010-06-28,1.227901
2010-06-29,1.219016
2010-06-30,1.223981
2010-07-01,1.252856
2010-07-02,1.256753
2010-07-05,1.253966
2010-07-06,1.262728
2010-07-07,1.263893
2010-07-08,1.269835
2010-07-09,1.26413
2010-07-12,1.259656
2010-07-13,1.272435
2010-07-14,1.274303
2010-07-15,1.294934
2010-07-16,1.292905
2010-07-19,1.2941
2010-07-20,1.287942
2010-07-21,1.275345
2010-07-22,1.289245
2010-07-23,1.290857
2010-07-26,1.299345
2010-07-27,1.299535
2010-07-28,1.299427
2010-07-29,1.30785
2010-07-30,1.305177
2010-08-02,1.317855
2010-08-03,1.32304
2010-08-04,1.316044
2010-08-05,1.318817
2010-08-06,1.3279
2010-08-09,1.32209
2010-08-10,1.317604
2010-08-11,1.2862
2010-08-12,1.28282
2010-08-13,1.27532
2010-08-16,1.282615
2010-08-17,1.28842
2010-08-18,1.285225
2010-08-19,1.282225
2010-08-20,1.271125
2010-08-23,1.265625
2010-08-24,1.262631
2010-08-25,1.26584
2010-08-26,1.27153
2010-08-27,1.27624
2010-08-30,1.26624
2010-08-31,1.26795
2010-09-01,1.280845
2010-09-02,1.282535
2010-09-03,1.289505
2010-09-06,1.28751
2010-09-07,1.26813
2010-09-08,1.27194
2010-09-09,1.269519
2010-09-10,1.26781
2010-09-13,1.288195
2010-09-14,1.299682
2010-09-15,1.30099
2010-09-16,1.30769
2010-09-17,1.3049
2010-09-20,1.306
2010-09-21,1.326265
2010-09-22,1.340479
2010-09-23,1.3313
2010-09-24,1.3491
2010-09-27,1.34539
2010-09-28,1.358404
2010-09-29,1.362565
2010-09-30,1.363084
2010-10-01,1.378777
2010-10-04,1.368225
2010-10-05,1.383652
2010-10-06,1.392767
2010-10-07,1.392279
2010-10-08,1.393544
2010-10-11,1.387214
2010-10-12,1.392149
2010-10-13,1.395761
2010-10-14,1.40798
2010-10-15,1.39726
2010-10-18,1.39285
2010-10-19,1.37216
2010-10-20,1.39584
2010-10-21,1.391491
2010-10-22,1.3949
2010-10-25,1.395965
2010-10-26,1.385349
2010-10-27,1.376391
2010-10-28,1.3925
2010-10-29,1.394212
2010-11-01,1.388819
2010-11-02,1.402905
2010-11-03,1.413403
2010-11-04,1.420189
2010-11-05,1.402705
2010-11-08,1.39155
2010-11-09,1.376854
2010-11-10,1.377842
2010-11-11,1.366284
2010-11-12,1.368703
2010-11-15,1.35834
2010-11-16,1.348552
2010-11-17,1.352592
2010-11-18,1.364035
2010-11-19,1.367017
2010-11-22,1.362409
2010-11-23,1.336422
2010-11-24,1.33325
2010-11-25,1.335756
2010-11-26,1.324035
2010-11-29,1.312312
2010-11-30,1.298168
2010-12-01,1.313755
2010-12-02,1.3207
2010-12-03,1.341124
2010-12-06,1.330511
2010-12-07,1.325837
2010-12-08,1.32599
2010-12-09,1.323764
2010-12-10,1.322495
2010-12-13,1.339006
2010-12-14,1.337772
2010-12-15,1.321426
2010-12-16,1.324469
2010-12-17,1.318853
2010-12-20,1.313183
2010-12-21,1.310002
2010-12-22,1.310025
2010-12-23,1.31145
2010-12-24,1.312223
2010-12-27,1.316565
2010-12-28,1.311528
2010-12-29,1.322502
2010-12-30,1.329073
2010-12-31,1.338336
2011-01-03,1.33602
2011-01-04,1.33066
2011-01-05,1.314725
2011-01-06,1.300225
2011-01-07,1.290582
2011-01-10,1.29497
2011-01-11,1.297225
2011-01-12,1.312885
2011-01-13,1.336125
2011-01-14,1.338527
2011-01-17,1.32909
2011-01-18,1.338317
2011-01-19,1.346967
2011-01-20,1.346885
2011-01-21,1.361665
2011-01-24,1.36338
2011-01-25,1.3675
2011-01-26,1.370742
2011-01-27,1.372912
2011-01-28,1.360655
2011-01-31,1.368906
2011-02-01,1.38244
2011-02-02,1.380652
2011-02-03,1.362976
2011-02-04,1.357687
2011-02-07,1.357919
2011-02-08,1.362003
2011-02-09,1.37281
2011-02-10,1.359869
2011-02-11,1.354995
2011-02-14,1.348495
2011-02-15,1.348284
2011-02-16,1.356485
2011-02-17,1.360495
2011-02-18,1.368916
2011-02-21,1.367407
2011-02-22,1.364564
2011-02-23,1.374427
2011-02-24,1.379502
2011-02-25,1.374884
2011-02-28,1.380035
2011-03-01,1.377184
2011-03-02,1.386107
2011-03-03,1.396357
2011-03-04,1.398147
2011-03-07,1.396214
2011-03-08,1.389973
2011-03-09,1.3904
2011-03-10,1.379345
2011-03-11,1.389842
2011-03-14,1.398652
2011-03-15,1.399288
2011-03-16,1.389518
2011-03-17,1.401565
2011-03-18,1.417515
2011-03-21,1.421893
2011-03-22,1.418893
2011-03-23,1.408122
2011-03-24,1.417007
2011-03-25,1.408098
2011-03-28,1.40796
2011-03-29,1.410555
2011-03-30,1.411926
2011-03-31,1.415008
2011-04-01,1.422926
2011-04-04,1.421289
2011-04-05,1.421399
2011-04-06,1.432168
2011-04-07,1.429859
2011-04-08,1.447304
2011-04-11,1.442615
2011-04-12,1.446649
2011-04-13,1.443238
2011-04-14,1.44777
2011-04-15,1.441964
2011-04-18,1.422492
2011-04-19,1.432353
2011-04-20,1.451213
2011-04-21,1.454069
2011-04-22,1.45497
2011-04-25,1.457063
2011-04-26,1.463128
2011-04-27,1.477476
2011-04-28,1.480932
2011-04-29,1.47944
2011-05-02,1.481641
2011-05-03,1.481225
2011-05-04,1.481483
2011-05-05,1.452718
2011-05-06,1.430414
2011-05-09,1.435301
2011-05-10,1.439802
2011-05-11,1.418194
2011-05-12,1.423569
2011-05-13,1.41086
2011-05-16,1.414494
2011-05-17,1.422644
2011-05-18,1.423951
2011-05-19,1.42984
2011-05-20,1.415066
2011-05-23,1.403742
2011-05-24,1.40888
2011-05-25,1.407747
2011-05-26,1.413523
2011-05-27,1.430945
2011-05-30,1.427258
2011-05-31,1.438547
2011-06-01,1.431753
2011-06-02,1.448089
2011-06-03,1.462449
2011-06-06,1.456526
2011-06-07,1.467893
2011-06-08,1.457145
2011-06-09,1.449848
2011-06-10,1.433595
2011-06-13,1.440179
2011-06-14,1.442692
2011-06-15,1.416942
2011-06-16,1.419253
2011-06-17,1.429394
2011-06-20,1.429153
2011-06-21,1.439937
2011-06-22,1.434538
2011-06-23,1.424508
2011-06-24,1.417694
2011-06-27,1.4276
2011-06-28,1.435978
2011-06-29,1.442303
2011-06-30,1.448962
2011-07-01,1.451333
2011-07-04,1.452595
2011-07-05,1.441644
2011-07-06,1.430685
2011-07-07,1.435086
2011-07-08,1.425171
2011-07-11,1.401554
2011-07-12,1.396191
2011-07-13,1.415341
2011-07-14,1.412966
2011-07-15,1.41437
2011-07-18,1.4098
2011-07-19,1.41426
2011-07-20,1.420274
2011-07-21,1.44123
2011-07-22,1.434723
2011-07-25,1.436368
2011-07-26,1.44982
2011-07-27,1.435707
2011-07-28,1.43226
2011-07-29,1.438839
2011-08-01,1.423967
2011-08-02,1.419445
2011-08-03,1.431373
2011-08-04,1.40829
2011-08-05,1.427276
2011-08-08,1.417326
2011-08-09,1.437035
2011-08-10,1.417271
2011-08-11,1.42361
2011-08-12,1.424268
2011-08-15,1.44386
2011-08-16,1.440123
2011-08-17,1.442031
2011-08-18,1.432757
2011-08-19,1.4392
2011-08-22,1.435237
2011-08-23,1.443614
2011-08-24,1.440806
2011-08-25,1.437347
2011-08-26,1.449343
2011-08-29,1.450523
2011-08-30,1.44355
2011-08-31,1.436344
2011-09-01,1.425392
2011-09-02,1.42005
2011-09-05,1.409384
2011-09-06,1.399384
2011-09-07,1.409369
2011-09-08,1.387722
2011-09-09,1.365197
2011-09-12,1.367545
2011-09-13,1.36733
2011-09-14,1.374981
2011-09-15,1.387155
2011-09-16,1.379075
2011-09-19,1.368108
2011-09-20,1.369726
2011-09-21,1.356831
2011-09-22,1.346104
2011-09-23,1.349616
2011-09-26,1.35288
2011-09-27,1.358011
2011-09-28,1.353834
2011-09-29,1.359351
2011-09-30,1.338388
2011-10-03,1.317252
2011-10-04,1.334518
2011-10-05,1.334436
2011-10-06,1.343213
2011-10-07,1.337297
2011-10-10,1.363675
2011-10-11,1.363462
2011-10-12,1.378572
2011-10-13,1.377189
2011-10-14,1.387666
2011-10-17,1.373188
2011-10-18,1.374712
2011-10-19,1.375535
2011-10-20,1.377536
2011-10-21,1.389146
2011-10-24,1.392408
2011-10-25,1.390336
2011-10-26,1.390155
2011-10-27,1.418414
2011-10-28,1.41424
2011-10-31,1.385383
2011-11-01,1.369986
2011-11-02,1.374307
2011-11-03,1.382062
2011-11-04,1.378945
2011-11-07,1.377388
2011-11-08,1.383203
2011-11-09,1.354088
2011-11-10,1.360511
2011-11-11,1.374888
2011-11-14,1.363179
2011-11-15,1.353834
2011-11-16,1.346264
2011-11-17,1.345812
2011-11-18,1.352473
2011-11-21,1.348894
2011-11-22,1.350469
2011-11-23,1.334181
2011-11-24,1.334709
2011-11-25,1.32397
2011-11-28,1.332135
2011-11-29,1.332282
2011-11-30,1.345049
2011-12-01,1.346459
2011-12-02,1.339515
2011-12-05,1.34052
2011-12-06,1.340582
2011-12-07,1.341475
2011-12-08,1.334515
2011-12-09,1.339096
2011-12-12,1.319484
2011-12-13,1.30473
2011-12-14,1.29936
2011-12-15,1.302329
2011-12-16,1.30521
2011-12-19,1.300272
2011-12-20,1.308768
2011-12-21,1.305302
2011-12-22,1.305628
2011-12-23,1.305069
2011-12-26,1.306791
2011-12-27,1.307774
2011-12-28,1.294514
2011-12-29,1.296355
2011-12-30,1.296365
2012-01-02,1.293701
2012-01-03,1.305155
2012-01-04,1.294472
2012-01-05,1.279057
2012-01-06,1.271831
2012-01-09,1.276627
2012-01-10,1.277921
2012-01-11,1.270809
2012-01-12,1.281496
2012-01-13,1.268091
2012-01-16,1.26682
2012-01-17,1.27369
2012-01-18,1.286392
2012-01-19,1.29689
2012-01-20,1.29321
2012-01-23,1.30142
2012-01-24,1.303712
2012-01-25,1.310686
2012-01-26,1.310959
2012-01-27,1.322065
2012-01-30,1.314473
2012-01-31,1.30847
2012-02-01,1.316172
2012-02-02,1.314464
2012-02-03,1.315861
2012-02-06,1.313069
2012-02-07,1.326175
2012-02-08,1.32607
2012-02-09,1.328668
2012-02-10,1.319773
2012-02-13,1.318667
2012-02-14,1.31348
2012-02-15,1.306691
2012-02-16,1.313106
2012-02-17,1.314103
2012-02-20,1.324406
2012-02-21,1.323496
2012-02-22,1.325019
2012-02-23,1.337443
2012-02-24,1.344932
2012-02-27,1.339937
2012-02-28,1.345945
2012-02-29,1.332655
2012-03-01,1.331315
2012-03-02,1.320106
2012-03-05,1.321967
2012-03-06,1.311454
2012-03-07,1.315124
2012-03-08,1.327709
2012-03-09,1.31251
2012-03-12,1.315738
2012-03-13,1.30862
2012-03-14,1.30338
2012-03-15,1.308184
2012-03-16,1.317709
2012-03-19,1.32403
2012-03-20,1.322722
2012-03-21,1.321798
2012-03-22,1.320299
2012-03-23,1.327175
2012-03-26,1.336068
2012-03-27,1.331463
2012-03-28,1.331849
2012-03-29,1.330362
2012-03-30,1.334475
2012-04-02,1.33229
2012-04-03,1.323485
2012-04-04,1.314379
2012-04-05,1.306798
2012-04-06,1.309797
2012-04-09,1.310798
2012-04-10,1.308441
2012-04-11,1.311196
2012-04-12,1.318971
2012-04-13,1.307972
2012-04-16,1.314387
2012-04-17,1.312868
2012-04-18,1.312443
2012-04-19,1.313939
2012-04-20,1.322033
2012-04-23,1.315739
2012-04-24,1.319829
2012-04-25,1.321827
2012-04-26,1.322029
2012-04-27,1.32565
2012-04-30,1.324056
2012-05-01,1.323851
2012-05-02,1.31595
2012-05-03,1.315325
2012-05-04,1.30851
2012-05-07,1.305229
2012-05-08,1.300626
2012-05-09,1.29302
2012-05-10,1.293705
2012-05-11,1.291812
2012-05-14,1.282437
2012-05-15,1.273039
2012-05-16,1.27175
2012-05-17,1.269946
2012-05-18,1.278151
2012-05-21,1.281935
2012-05-22,1.26853
2012-05-23,1.25833
2012-05-24,1.253323
2012-05-25,1.251822
2012-05-28,1.254219
2012-05-29,1.25042
2012-05-30,1.236845
2012-05-31,1.236667
2012-06-01,1.24361
2012-06-04,1.250114
2012-06-05,1.245383
2012-06-06,1.258382
2012-06-07,1.256277
2012-06-08,1.25189
2012-06-11,1.248386
2012-06-12,1.250548
2012-06-13,1.255956
2012-06-14,1.263582
2012-06-15,1.264093
2012-06-18,1.257877
2012-06-19,1.268766
2012-06-20,1.270946
2012-06-21,1.254243
2012-06-22,1.257264
2012-06-25,1.250706
2012-06-26,1.249411
2012-06-27,1.247131
2012-06-28,1.244719
2012-06-29,1.267011
2012-07-02,1.258021
2012-07-03,1.261192
2012-07-04,1.253072
2012-07-05,1.239681
2012-07-06,1.229591
2012-07-09,1.231821
2012-07-10,1.225495
2012-07-11,1.224341
2012-07-12,1.220741
2012-07-13,1.225336
2012-07-16,1.227735
2012-07-17,1.22985
2012-07-18,1.228825
2012-07-19,1.228521
2012-07-20,1.216121
2012-07-23,1.212169
2012-07-24,1.20654
2012-07-25,1.216202
2012-07-26,1.22869
2012-07-27,1.232629
2012-07-30,1.226485
2012-07-31,1.23085
2012-08-01,1.22296
2012-08-02,1.218424
2012-08-03,1.239091
2012-08-06,1.240493
2012-08-07,1.240276
2012-08-08,1.23685
2012-08-09,1.23095
2012-08-10,1.229249
2012-08-13,1.233571
2012-08-14,1.23255
2012-08-15,1.229336
2012-08-16,1.235971
2012-08-17,1.233777
2012-08-20,1.235
2012-08-21,1.247705
2012-08-22,1.253287
2012-08-23,1.256795
2012-08-24,1.251604
2012-08-27,1.25029
2012-08-28,1.256879
2012-08-29,1.25337
2012-08-30,1.251005
2012-08-31,1.258275
2012-09-03,1.25967
2012-09-04,1.257015
2012-09-05,1.26052
2012-09-06,1.26348
2012-09-07,1.28195
2012-09-10,1.276147
2012-09-11,1.285865
2012-09-12,1.290335
2012-09-13,1.299405
2012-09-14,1.3133
2012-09-17,1.31203
2012-09-18,1.305188
2012-09-19,1.305268
2012-09-20,1.29717
2012-09-21,1.298355
2012-09-24,1.29346
2012-09-25,1.290295
2012-09-26,1.287775
2012-09-27,1.29168
2012-09-28,1.286391
2012-10-01,1.28921
2012-10-02,1.292406
2012-10-03,1.290875
2012-10-04,1.302155
2012-10-05,1.30485
2012-10-08,1.297192
2012-10-09,1.288891
2012-10-10,1.28787
2012-10-11,1.29316
2012-10-12,1.29544
2012-10-15,1.29526
2012-10-16,1.305753
2012-10-17,1.312248
2012-10-18,1.30706
2012-10-19,1.302749
2012-10-22,1.306356
2012-10-23,1.29904
2012-10-24,1.297715
2012-10-25,1.293725
2012-10-26,1.294126
2012-10-29,1.290748
2012-10-30,1.296262
2012-10-31,1.296351
2012-11-01,1.294647
2012-11-02,1.283843
2012-11-05,1.27994
2012-11-06,1.28176
2012-11-07,1.277441
2012-11-08,1.27503
2012-11-09,1.271728
2012-11-12,1.271328
2012-11-13,1.270751
2012-11-14,1.273945
2012-11-15,1.278446
2012-11-16,1.274649
2012-11-19,1.28173
2012-11-20,1.28203
2012-11-21,1.28323
2012-11-22,1.288731
2012-11-23,1.297925
2012-11-26,1.297542
2012-11-27,1.29467
2012-11-28,1.295654
2012-11-29,1.298345
2012-11-30,1.29904
2012-12-03,1.305861
2012-12-04,1.309868
2012-12-05,1.307243
2012-12-06,1.29744
2012-12-07,1.293141
2012-12-10,1.294555
2012-12-11,1.30093
2012-12-12,1.307807
2012-12-13,1.30811
2012-12-14,1.316722
2012-12-17,1.316875
2012-12-18,1.32338
2012-12-19,1.323205
2012-12-20,1.324952
2012-12-21,1.319355
2012-12-24,1.319075
2012-12-25,1.318875
2012-12-26,1.322977
2012-12-27,1.324111
2012-12-28,1.321978
2012-12-31,1.31966
2013-01-01,1.320759
2013-01-02,1.318946
2013-01-03,1.305244
2013-01-04,1.307233
2013-01-07,1.312065
2013-01-08,1.308459
2013-01-09,1.306741
2013-01-10,1.327516
2013-01-11,1.334619
2013-01-14,1.338551
2013-01-15,1.330937
2013-01-16,1.329222
2013-01-17,1.337899
2013-01-18,1.332403
2013-01-21,1.331616
2013-01-22,1.332506
2013-01-23,1.332086
2013-01-24,1.337979
2013-01-25,1.34666
2013-01-28,1.345861
2013-01-29,1.349446
2013-01-30,1.356926
2013-01-31,1.358119
2013-02-01,1.364241
2013-02-04,1.351661
2013-02-05,1.358551
2013-02-06,1.352553
2013-02-07,1.340061
2013-02-08,1.336761
2013-02-11,1.340859
2013-02-12,1.345651
2013-02-13,1.345449
2013-02-14,1.336555
2013-02-15,1.336252
2013-02-18,1.335352
2013-02-19,1.339061
2013-02-20,1.328556
2013-02-21,1.31926
2013-02-22,1.319667
2013-02-25,1.306557
2013-02-26,1.306372
2013-02-27,1.314201
2013-02-28,1.305985
2013-03-01,1.302481
2013-03-04,1.302901
2013-03-05,1.305465
2013-03-06,1.296965
2013-03-07,1.310958
2013-03-08,1.300756
2013-03-11,1.304878
2013-03-12,1.30367
2013-03-13,1.296365
2013-03-14,1.300769
2013-03-15,1.30787
2013-03-18,1.296005
2013-03-19,1.28852
2013-03-20,1.2936
2013-03-21,1.290204
2013-03-22,1.299211
2013-03-25,1.28561
2013-03-26,1.286409
2013-03-27,1.278276
2013-03-28,1.281851
2013-03-29,1.282151
2013-04-01,1.285155
2013-04-02,1.282268
2013-04-03,1.28526
2013-04-04,1.293855
2013-04-05,1.299347
2013-04-08,1.301145
2013-04-09,1.308552
2013-04-10,1.307251
2013-04-11,1.310145
2013-04-12,1.311551
2013-04-15,1.303845
2013-04-16,1.31796
2013-04-17,1.303456
2013-04-18,1.305348
2013-04-19,1.30544
2013-04-22,1.306844
2013-04-23,1.299873
2013-04-24,1.301759
2013-04-25,1.301343
2013-04-26,1.303261
2013-04-29,1.310168
2013-04-30,1.317058
2013-05-01,1.318262
2013-05-02,1.306754
2013-05-03,1.311641
2013-05-06,1.307858
2013-05-07,1.308146
2013-05-08,1.315532
2013-05-09,1.304528
2013-05-10,1.299122
2013-05-13,1.297742
2013-05-14,1.292238
2013-05-15,1.288933
2013-05-16,1.288439
2013-05-17,1.284138
2013-05-20,1.288433
2013-05-21,1.290827
2013-05-22,1.286016
2013-05-23,1.293613
2013-05-24,1.293407
2013-05-27,1.293301
2013-05-28,1.2858
2013-05-29,1.294301
2013-05-30,1.305207
2013-05-31,1.300107
2013-06-03,1.307797
2013-06-04,1.308313
2013-06-05,1.309507
2013-06-06,1.324796
2013-06-07,1.322004
2013-06-10,1.325906
2013-06-11,1.331519
2013-06-12,1.33391
2013-06-13,1.337702
2013-06-14,1.33489
2013-06-17,1.336887
2013-06-18,1.339399
2013-06-19,1.329693
2013-06-20,1.322189
2013-06-21,1.312388
2013-06-24,1.312182
2013-06-25,1.307874
2013-06-26,1.301333
2013-06-27,1.303963
2013-06-28,1.301161
2013-07-01,1.306554
2013-07-02,1.298044
2013-07-03,1.301061
2013-07-04,1.291562
2013-07-05,1.283053
2013-07-08,1.287148
2013-07-09,1.278246
2013-07-10,1.297947
2013-07-11,1.30985
2013-07-12,1.306864
2013-07-15,1.30638
2013-07-16,1.316368
2013-07-17,1.312651
2013-07-18,1.311045
2013-07-19,1.314442
2013-07-22,1.318749
2013-07-23,1.322451
2013-07-24,1.320243
2013-07-25,1.327841
2013-07-26,1.328033
2013-07-29,1.326338
2013-07-30,1.326442
2013-07-31,1.330336
2013-08-01,1.320835
2013-08-02,1.327739
2013-08-05,1.325941
2013-08-06,1.330634
2013-08-07,1.333728
2013-08-08,1.338225
2013-08-09,1.334334
2013-08-12,1.330151
2013-08-13,1.326451
2013-08-14,1.32565
2013-08-15,1.334848
2013-08-16,1.333047
2013-08-19,1.333654
2013-08-20,1.341857
2013-08-21,1.335652
2013-08-22,1.335753
2013-08-23,1.338454
2013-08-26,1.336962
2013-08-27,1.339451
2013-08-28,1.334139
2013-08-29,1.324233
2013-08-30,1.322327
2013-09-02,1.319329
2013-09-03,1.317137
2013-09-04,1.320837
2013-09-05,1.312138
2013-09-06,1.317934
2013-09-09,1.325627
2013-09-10,1.326928
2013-09-11,1.331217
2013-09-12,1.330017
2013-09-13,1.329516
2013-09-16,1.333515
2013-09-17,1.33603
2013-09-18,1.352228
2013-09-19,1.353108
2013-09-20,1.352501
2013-09-23,1.349396
2013-09-24,1.347474
2013-09-25,1.352678
2013-09-26,1.349001
2013-09-27,1.352303
2013-09-30,1.35281
2013-10-01,1.352697
2013-10-02,1.357996
2013-10-03,1.361997
2013-10-04,1.355904
2013-10-07,1.358228
2013-10-08,1.357463
2013-10-09,1.352571
2013-10-10,1.352138
2013-10-11,1.354531
2013-10-14,1.356251
2013-10-15,1.352551
2013-10-16,1.353556
2013-10-17,1.367631
2013-10-18,1.368832
2013-10-21,1.368243
2013-10-22,1.378218
2013-10-23,1.377718
2013-10-24,1.380197
2013-10-25,1.380297
2013-10-28,1.378593
2013-10-29,1.374588
2013-10-30,1.373682
2013-10-31,1.358488
2013-11-01,1.348787
2013-11-04,1.3515
2013-11-05,1.347497
2013-11-06,1.351389
2013-11-07,1.341984
2013-11-08,1.336783
2013-11-11,1.340783
2013-11-12,1.343692
2013-11-13,1.348794
2013-11-14,1.346183
2013-11-15,1.349678
2013-11-18,1.350678
2013-11-19,1.353877
2013-11-20,1.343975
2013-11-21,1.34827
2013-11-22,1.355846
2013-11-25,1.351744
2013-11-26,1.357257
2013-11-27,1.357958
2013-11-28,1.360581
2013-11-29,1.359087
2013-12-02,1.354179
2013-12-03,1.358772
2013-12-04,1.359272
2013-12-05,1.366653
2013-12-06,1.370522
2013-12-09,1.3738
2013-12-10,1.375995
2013-12-11,1.378506
2013-12-12,1.375202
2013-12-13,1.37408
2013-12-16,1.375949
2013-12-17,1.376643
2013-12-18,1.368424
2013-12-19,1.366062
2013-12-20,1.367236
2013-12-23,1.369497
2013-12-24,1.367893
2013-12-25,1.367998
2013-12-26,1.368986
2013-12-27,1.374782
2013-12-30,1.380095
2013-12-31,1.374277
2014-01-01,1.376285
2014-01-02,1.367179
2014-01-03,1.358902
2014-01-06,1.362896
2014-01-07,1.361563
2014-01-08,1.357562
2014-01-09,1.360762
2014-01-10,1.366973
2014-01-13,1.367087
2014-01-14,1.367859
2014-01-15,1.360417
2014-01-16,1.361898
2014-01-17,1.354023
2014-01-20,1.355127
2014-01-21,1.356041
2014-01-22,1.354649
2014-01-23,1.369559
2014-01-24,1.367765
2014-01-27,1.367258
2014-01-28,1.367059
2014-01-29,1.36627
2014-01-30,1.355483
2014-01-31,1.34861
2014-02-03,1.352491
2014-02-04,1.35188
2014-02-05,1.353298
2014-02-06,1.358969
2014-02-07,1.363468
2014-02-10,1.364552
2014-02-11,1.363759
2014-02-12,1.359281
2014-02-13,1.36809
2014-02-14,1.369285
2014-02-17,1.370685
2014-02-18,1.375883
2014-02-19,1.373282
2014-02-20,1.371882
2014-02-21,1.374582
2014-02-24,1.373495
2014-02-25,1.374487
2014-02-26,1.368687
2014-02-27,1.370992
2014-02-28,1.380174
2014-03-03,1.37348
2014-03-04,1.374281
2014-03-05,1.373278
2014-03-06,1.386043
2014-03-07,1.387422
2014-03-10,1.387641
2014-03-11,1.385953
2014-03-12,1.390256
2014-03-13,1.386765
2014-03-14,1.391356
2014-03-17,1.392148
2014-03-18,1.393338
2014-03-19,1.383237
2014-03-20,1.377835
2014-03-21,1.379317
2014-03-24,1.383807
2014-03-25,1.382513
2014-03-26,1.377989
2014-03-27,1.373904
2014-03-28,1.375115
2014-03-31,1.376811
2014-04-01,1.379203
2014-04-02,1.376607
2014-04-03,1.371881
2014-04-04,1.370368
2014-04-07,1.374081
2014-04-08,1.379595
2014-04-09,1.385384
2014-04-10,1.388484
2014-04-11,1.388388
2014-04-14,1.381997
2014-04-15,1.381402
2014-04-16,1.381525
2014-04-17,1.381319
2014-04-18,1.381223
2014-04-21,1.37922
2014-04-22,1.380388
2014-04-23,1.38157
2014-04-24,1.382961
2014-04-25,1.38324
2014-04-28,1.384959
2014-04-29,1.381109
2014-04-30,1.386601
2014-05-01,1.386897
2014-05-02,1.386786
2014-05-05,1.387388
2014-05-06,1.392658
2014-05-07,1.39087
2014-05-08,1.383848
2014-05-09,1.375635
2014-05-12,1.375546
2014-05-13,1.370278
2014-05-14,1.37138
2014-05-15,1.370885
2014-05-16,1.369293
2014-05-19,1.370784
2014-05-20,1.370086
2014-05-21,1.368574
2014-05-22,1.365483
2014-05-23,1.362795
2014-05-26,1.364505
2014-05-27,1.363462
2014-05-28,1.359039
2014-05-29,1.360125
2014-05-30,1.36342
2014-06-02,1.359633
2014-06-03,1.362746
2014-06-04,1.35988
2014-06-05,1.36604
2014-06-06,1.364336
2014-06-09,1.359422
2014-06-10,1.354737
2014-06-11,1.353288
2014-06-12,1.355361
2014-06-13,1.35418
2014-06-16,1.357622
2014-06-17,1.354907
2014-06-18,1.359688
2014-06-19,1.360958
2014-06-20,1.360113
2014-06-23,1.360619
2014-06-24,1.360752
2014-06-25,1.36305
2014-06-26,1.361342
2014-06-27,1.365053
2014-06-30,1.369368
2014-07-01,1.368066
2014-07-02,1.366168
2014-07-03,1.361165
2014-07-04,1.359666
2014-07-07,1.360679
2014-07-08,1.361373
2014-07-09,1.364373
2014-07-10,1.361073
2014-07-11,1.360972
2014-07-14,1.362074
2014-07-15,1.356974
2014-07-16,1.352672
2014-07-17,1.352776
2014-07-18,1.352559
2014-07-21,1.352566
2014-07-22,1.346733
2014-07-23,1.346512
2014-07-24,1.34651
2014-07-25,1.343138
2014-07-28,1.344126
2014-07-29,1.341039
2014-07-30,1.339833
2014-07-31,1.339128
2014-08-01,1.342837
2014-08-04,1.342343
2014-08-05,1.337761
2014-08-06,1.33846
2014-08-07,1.336549
2014-08-08,1.341155
2014-08-11,1.338676
2014-08-12,1.337084
2014-08-13,1.336568
2014-08-14,1.336686
2014-08-15,1.340288
2014-08-18,1.336623
2014-08-19,1.332217
2014-08-20,1.326114
2014-08-21,1.328299
2014-08-22,1.324398
2014-08-25,1.31941
2014-08-26,1.316914
2014-08-27,1.319524
2014-08-28,1.318414
2014-08-29,1.313419
2014-09-01,1.31303
2014-09-02,1.313545
2014-09-03,1.315244
2014-09-04,1.294724
2014-09-05,1.295415
2014-09-08,1.28982
2014-09-09,1.294018
2014-09-10,1.292013
2014-09-11,1.292803
2014-09-12,1.296589
2014-09-15,1.294297
2014-09-16,1.296325
2014-09-17,1.286805
2014-09-18,1.292563
2014-09-19,1.283166
2014-09-22,1.285162
2014-09-23,1.284943
2014-09-24,1.278242
2014-09-25,1.275314
2014-09-26,1.268623
2014-09-29,1.268781
2014-09-30,1.263358
2014-10-01,1.262556
2014-10-02,1.267156
2014-10-03,1.251857
2014-10-06,1.265782
2014-10-07,1.267165
2014-10-08,1.273657
2014-10-09,1.269365
2014-10-10,1.263077
2014-10-13,1.275494
2014-10-14,1.26609
2014-10-15,1.284083
2014-10-16,1.281178
2014-10-17,1.27637
2014-10-20,1.280283
2014-10-21,1.27185
2014-10-22,1.265148
2014-10-23,1.264848
2014-10-24,1.267327
2014-10-27,1.270012
2014-10-28,1.273617
2014-10-29,1.263419
2014-10-30,1.261537
2014-10-31,1.252739
2014-11-03,1.248441
2014-11-04,1.254863
2014-11-05,1.248864
2014-11-06,1.237768
2014-11-07,1.245767
2014-11-10,1.242354
2014-11-11,1.247763
2014-11-12,1.244067
2014-11-13,1.247963
2014-11-14,1.25276
2014-11-17,1.245263
2014-11-18,1.253889
2014-11-19,1.255699
2014-11-20,1.254192
2014-11-21,1.239416
2014-11-24,1.244497
2014-11-25,1.247668
2014-11-26,1.250878
2014-11-27,1.246896
2014-11-28,1.245397
2014-12-01,1.247239
2014-12-02,1.238545
2014-12-03,1.231337
2014-12-04,1.238128
2014-12-05,1.228525
2014-12-08,1.231948
2014-12-09,1.237642
2014-12-10,1.245005
2014-12-11,1.241333
2014-12-12,1.246461
2014-12-15,1.244029
2014-12-16,1.251444
2014-12-17,1.234597
2014-12-18,1.229021
2014-12-19,1.223299
2014-12-22,1.223426
2014-12-23,1.217605
2014-12-24,1.220015
2014-12-25,1.222912
2014-12-26,1.218713
2014-12-29,1.215608
2014-12-30,1.21599
2014-12-31,1.210198
2015-01-01,1.210791
2015-01-02,1.200581
2015-01-05,1.193678
2015-01-06,1.189357
2015-01-07,1.184244
2015-01-08,1.179629
2015-01-09,1.184535
2015-01-12,1.183772
2015-01-13,1.177674
2015-01-14,1.179264
2015-01-15,1.163683
2015-01-16,1.157097
2015-01-19,1.16101
2015-01-20,1.155362
2015-01-21,1.16134
2015-01-22,1.136903
2015-01-23,1.120719
2015-01-26,1.124073
2015-01-27,1.138399
2015-01-28,1.129008
2015-01-29,1.132284
2015-01-30,1.129378
2015-02-02,1.134381
2015-02-03,1.148398
2015-02-04,1.134807
2015-02-05,1.148004
2015-02-06,1.131909
2015-02-09,1.132833
2015-02-10,1.132435
2015-02-11,1.133947
2015-02-12,1.140649
2015-02-13,1.139736
2015-02-16,1.135837
2015-02-17,1.141443
2015-02-18,1.140049
2015-02-19,1.137147
2015-02-20,1.138497
2015-02-23,1.133855
2015-02-24,1.134333
2015-02-25,1.136478
2015-02-26,1.120184
2015-02-27,1.120039
2015-03-02,1.118819
2015-03-03,1.118005
2015-03-04,1.108195
2015-03-05,1.103395
2015-03-06,1.084807
2015-03-09,1.08562
2015-03-10,1.070206
2015-03-11,1.055065
2015-03-12,1.063854
2015-03-13,1.049974
2015-03-16,1.057201
2015-03-17,1.060106
2015-03-18,1.086808
2015-03-19,1.066425
2015-03-20,1.08253
2015-03-23,1.095068
2015-03-24,1.09286
2015-03-25,1.09744
2015-03-26,1.088836
2015-03-27,1.08933
2015-03-30,1.083755
2015-03-31,1.07354
2015-04-01,1.07671
2015-04-02,1.088409
2015-04-03,1.097315
2015-04-06,1.092611
2015-04-07,1.08181
2015-04-08,1.0785
2015-04-09,1.066286
2015-04-10,1.06079
2015-04-13,1.0571
2015-04-14,1.065935
2015-04-15,1.06883
2015-04-16,1.076522
2015-04-17,1.081031
2015-04-20,1.074214
2015-04-21,1.074032
2015-04-22,1.072925
2015-04-23,1.082796
2015-04-24,1.087716
2015-04-27,1.089498
2015-04-28,1.098505
2015-04-29,1.11322
2015-04-30,1.12283
2015-05-01,1.120322
2015-05-04,1.115056
2015-05-05,1.118946
2015-05-06,1.135141
2015-05-07,1.12715
2015-05-08,1.120345
2015-05-11,1.115971
2015-05-12,1.121747
2015-05-13,1.135827
2015-05-14,1.141434
2015-05-15,1.145543
2015-05-18,1.131975
2015-05-19,1.115458
2015-05-20,1.109841
2015-05-21,1.111637
2015-05-22,1.101755
2015-05-25,1.09828
2015-05-26,1.087779
2015-05-27,1.090875
2015-05-28,1.095322
2015-05-29,1.099024
2015-06-01,1.093113
2015-06-02,1.115538
2015-06-03,1.127927
2015-06-04,1.124216
2015-06-05,1.111815
2015-06-08,1.12952
2015-06-09,1.12875
2015-06-10,1.132835
2015-06-11,1.126252
2015-06-12,1.12705
2015-06-15,1.128732
2015-06-16,1.125253
2015-06-17,1.134139
2015-06-18,1.136329
2015-06-19,1.13563
2015-06-22,1.134528
2015-06-23,1.11715
2015-06-24,1.120943
2015-06-25,1.120925
2015-06-26,1.117156
2015-06-29,1.124104
2015-06-30,1.115151
2015-07-01,1.105739
2015-07-02,1.10884
2015-07-03,1.111861
2015-07-06,1.1061
2015-07-07,1.101591
2015-07-08,1.10817
2015-07-09,1.104058
2015-07-10,1.116635
2015-07-13,1.100657
2015-07-14,1.101346
2015-07-15,1.095443
2015-07-16,1.087944
2015-07-17,1.083443
2015-07-20,1.082974
2015-07-21,1.09396
2015-07-22,1.093338
2015-07-23,1.09884
2015-07-24,1.098832
2015-07-27,1.109255
2015-07-28,1.106435
2015-07-29,1.098829
2015-07-30,1.09363
2015-07-31,1.098824
2015-08-03,1.095465
2015-08-04,1.088555
2015-08-05,1.091042
2015-08-06,1.092916
2015-08-07,1.097122
2015-08-10,1.102343
2015-08-11,1.104635
2015-08-12,1.116342
2015-08-13,1.115444
2015-08-14,1.111347
2015-08-17,1.108285
2015-08-18,1.10287
2015-08-19,1.112461
2015-08-20,1.124665
2015-08-21,1.13908
2015-08-24,1.162439
2015-08-25,1.152229
2015-08-26,1.131904
2015-08-27,1.125085
2015-08-28,1.11899
2015-08-31,1.121589
2015-09-01,1.132036
2015-09-02,1.123232
2015-09-03,1.112829
2015-09-04,1.115404
2015-09-07,1.11751
2015-09-08,1.12088
2015-09-09,1.12127
2015-09-10,1.128534
2015-09-11,1.134353
2015-09-14,1.132268
2015-09-15,1.127529
2015-09-16,1.129619
2015-09-17,1.14401
2015-09-18,1.130357
2015-09-21,1.119575
2015-09-22,1.112582
2015-09-23,1.119175
2015-09-24,1.123548
2015-09-25,1.120018
2015-09-28,1.124905
2015-09-29,1.125428
2015-09-30,1.118216
2015-10-01,1.120015
2015-10-02,1.12209
2015-10-05,1.119316
2015-10-06,1.12771
2015-10-07,1.124193
2015-10-08,1.128088
2015-10-09,1.136284
2015-10-12,1.136322
2015-10-13,1.138412
2015-10-14,1.147884
2015-10-15,1.139082
2015-10-16,1.135291
2015-10-19,1.133228
2015-10-20,1.135107
2015-10-21,1.134387
2015-10-22,1.111406
2015-10-23,1.102284
2015-10-26,1.10628
2015-10-27,1.105553
2015-10-28,1.092735
2015-10-29,1.098125
2015-10-30,1.101009
2015-11-02,1.102024
2015-11-03,1.096861
2015-11-04,1.087043
2015-11-05,1.088823
2015-11-06,1.074514
2015-11-09,1.07565
2015-11-10,1.07285
2015-11-11,1.074734
2015-11-12,1.081818
2015-11-13,1.077726
2015-11-16,1.069045
2015-11-17,1.064705
2015-11-18,1.06652
2015-11-19,1.073921
2015-11-20,1.065153
2015-11-23,1.06428
2015-11-24,1.06494
2015-11-25,1.063031
2015-11-26,1.0617
2015-11-27,1.060489
2015-11-30,1.057665
2015-12-01,1.06442
2015-12-02,1.0626
2015-12-03,1.094976
2015-12-04,1.089048
2015-12-07,1.08473
2015-12-08,1.09022
2015-12-09,1.103537
2015-12-10,1.095195
2015-12-11,1.099753
2015-12-14,1.100478
2015-12-15,1.094412
2015-12-16,1.092486
2015-12-17,1.08378
2015-12-18,1.087943
2015-12-21,1.092707
2015-12-22,1.096964
2015-12-23,1.092269
2015-12-24,1.097358
2015-12-25,1.097078
2015-12-28,1.097835
2015-12-29,1.092845
2015-12-30,1.094119
2015-12-31,1.087023
2016-01-01,1.08643
2016-01-04,1.083968
2016-01-05,1.075635
2016-01-06,1.078915
2016-01-07,1.094022
2016-01-08,1.093015
2016-01-11,1.086805
2016-01-12,1.086689
2016-01-13,1.088561
2016-01-14,1.087338
2016-01-15,1.092428
2016-01-18,1.090079
2016-01-19,1.091657
2016-01-20,1.089818
2016-01-21,1.0882
2016-01-22,1.080391
2016-01-25,1.085741
2016-01-26,1.08781
2016-01-27,1.090089
2016-01-28,1.094734
2016-01-29,1.083838
2016-02-01,1.089548
2016-02-02,1.092648
2016-02-03,1.111307
2016-02-04,1.121655
2016-02-05,1.116565
2016-02-08,1.120085
2016-02-09,1.130097
2016-02-10,1.130053
2016-02-11,1.133104
2016-02-12,1.126394
2016-02-15,1.116376
2016-02-16,1.115207
2016-02-17,1.113669
2016-02-18,1.111511
2016-02-19,1.113818
2016-02-22,1.103825
2016-02-23,1.102963
2016-02-24,1.102213
2016-02-25,1.1027
2016-02-26,1.094363
2016-02-29,1.088352
2016-03-01,1.087841
2016-03-02,1.087828
2016-03-03,1.096746
2016-03-04,1.101562
2016-03-07,1.102532
2016-03-08,1.102177
2016-03-09,1.100949
2016-03-10,1.118716
2016-03-11,1.116635
2016-03-14,1.111421
2016-03-15,1.111979
2016-03-16,1.123455
2016-03-17,1.132835
2016-03-18,1.128033
2016-03-21,1.125205
2016-03-22,1.122766
2016-03-23,1.119108
2016-03-24,1.118394
2016-03-25,1.117695
2016-03-28,1.120597
2016-03-29,1.130103
2016-03-30,1.134814
2016-03-31,1.139014
2016-04-01,1.14011
2016-04-04,1.140098
2016-04-05,1.139456
2016-04-06,1.140918
2016-04-07,1.13877
2016-04-08,1.140874
2016-04-11,1.141778
2016-04-12,1.13967
2016-04-13,1.128419
2016-04-14,1.12777
2016-04-15,1.129369
2016-04-18,1.132275
2016-04-19,1.136847
2016-04-20,1.130722
2016-04-21,1.129784
2016-04-22,1.123171
2016-04-25,1.127777
2016-04-26,1.130771
2016-04-27,1.133229
2016-04-28,1.136202
2016-04-29,1.146115
2016-05-02,1.154491
2016-05-03,1.15067
2016-05-04,1.149747
2016-05-05,1.141541
2016-05-06,1.14144
2016-05-09,1.139404
2016-05-10,1.138255
2016-05-11,1.143608
2016-05-12,1.138708
2016-05-13,1.131912
2016-05-16,1.133169
2016-05-17,1.132333
2016-05-18,1.122604
2016-05-19,1.121301
2016-05-20,1.123402
2016-05-23,1.123083
2016-05-24,1.115158
2016-05-25,1.116515
2016-05-26,1.12042
2016-05-27,1.112543
2016-05-30,1.114935
2016-05-31,1.114482
2016-06-01,1.120076
2016-06-02,1.116347
2016-06-03,1.137933
2016-06-06,1.136744
2016-06-07,1.137134
2016-06-08,1.140798
2016-06-09,1.132852
2016-06-10,1.126352
2016-06-13,1.130486
2016-06-14,1.122122
2016-06-15,1.127383
2016-06-16,1.123913
2016-06-17,1.129086
2016-06-20,1.132768
2016-06-21,1.125686
2016-06-22,1.131136
2016-06-23,1.139924
2016-06-24,1.113309
2016-06-27,1.10388
2016-06-28,1.107834
2016-06-29,1.113801
2016-06-30,1.11186
2016-07-01,1.114845
2016-07-04,1.116718
2016-07-05,1.108882
2016-07-06,1.111381
2016-07-07,1.10763
2016-07-08,1.106397
2016-07-11,1.107158
2016-07-12,1.107422
2016-07-13,1.110273
2016-07-14,1.11329
2016-07-15,1.104841
2016-07-18,1.108965
2016-07-19,1.103464
2016-07-20,1.102821
2016-07-21,1.103962
2016-07-22,1.099052
2016-07-25,1.100944
2016-07-26,1.100031
2016-07-27,1.107266
2016-07-28,1.109068
2016-07-29,1.118726
2016-08-01,1.11777
2016-08-02,1.123862
2016-08-03,1.116333
2016-08-04,1.11436
2016-08-05,1.109948
2016-08-08,1.110251
2016-08-09,1.113071
2016-08-10,1.118916
2016-08-11,1.115014
2016-08-12,1.117497
2016-08-15,1.119771
2016-08-16,1.129249
2016-08-17,1.1302
2016-08-18,1.136695
2016-08-19,1.133769
2016-08-22,1.133371
2016-08-23,1.131876
2016-08-24,1.127746
2016-08-25,1.129835
2016-08-26,1.121139
2016-08-29,1.120304
2016-08-30,1.115899
2016-08-31,1.117309
2016-09-01,1.121172
2016-09-02,1.117055
2016-09-05,1.116163
2016-09-06,1.127085
2016-09-07,1.125407
2016-09-08,1.127417
2016-09-09,1.124727
2016-09-12,1.124932
2016-09-13,1.123538
2016-09-14,1.126512
2016-09-15,1.125898
2016-09-16,1.117048
2016-09-19,1.119043
2016-09-20,1.11673
2016-09-21,1.120512
2016-09-22,1.122371
2016-09-23,1.124147
2016-09-26,1.12702
2016-09-27,1.123274
2016-09-28,1.123388
2016-09-29,1.123653
2016-09-30,1.125102
2016-10-03,1.122889
2016-10-04,1.12191
2016-10-05,1.121893
2016-10-06,1.116589
2016-10-07,1.121571
2016-10-10,1.11534
2016-10-11,1.106779
2016-10-12,1.102053
2016-10-13,1.107011
2016-10-14,1.098616
2016-10-17,1.101536
2016-10-18,1.099515
2016-10-19,1.098717
2016-10-20,1.094269
2016-10-21,1.08974
2016-10-24,1.089642
2016-10-25,1.090282
2016-10-26,1.092094
2016-10-27,1.090993
2016-10-28,1.099804
2016-10-31,1.09942
2016-11-01,1.106851
2016-11-02,1.111065
2016-11-03,1.111706
2016-11-04,1.115343
2016-11-07,1.10533
2016-11-08,1.103902
2016-11-09,1.092173
2016-11-10,1.090409
2016-11-11,1.086599
2016-11-14,1.074826
2016-11-15,1.073448
2016-11-16,1.070298
2016-11-17,1.063738
2016-11-18,1.05995
2016-11-21,1.06419
2016-11-22,1.064002
2016-11-23,1.05659
2016-11-24,1.056644
2016-11-25,1.06013
2016-11-28,1.06273
2016-11-29,1.067072
2016-11-30,1.060835
2016-12-01,1.068045
2016-12-02,1.068428
2016-12-05,1.078546
2016-12-06,1.073845
2016-12-07,1.077266
2016-12-08,1.063431
2016-12-09,1.058102
2016-12-12,1.065715
2016-12-13,1.064792
2016-12-14,1.055697
2016-12-15,1.043518
2016-12-16,1.047226
2016-12-19,1.042432
2016-12-20,1.041005
2016-12-21,1.04451
2016-12-22,1.045859
2016-12-23,1.047941
2016-12-26,1.047838
2016-12-27,1.04808
2016-12-28,1.044153
2016-12-29,1.050706
2016-12-30,1.053447
2017-01-02,1.047135
2017-01-03,1.042023
2017-01-04,1.050329
2017-01-05,1.062135
2017-01-06,1.054627
2017-01-09,1.058896
2017-01-10,1.056786
2017-01-11,1.059513
2017-01-12,1.062593
2017-01-13,1.065591
2017-01-16,1.061552
2017-01-17,1.07272
2017-01-18,1.064379
2017-01-19,1.067764
2017-01-20,1.071653
2017-01-23,1.077947
2017-01-24,1.074466
2017-01-25,1.076111
2017-01-26,1.069441
2017-01-27,1.071082
2017-01-30,1.070621
2017-01-31,1.080906
2017-02-01,1.078028
2017-02-02,1.077006
2017-02-03,1.079427
2017-02-06,1.07613
2017-02-07,1.069394
2017-02-08,1.070865
2017-02-09,1.066563
2017-02-10,1.065364
2017-02-13,1.060875
2017-02-14,1.058868
2017-02-15,1.061166
2017-02-16,1.068493
2017-02-17,1.062693
2017-02-20,1.062496
2017-02-21,1.054726
2017-02-22,1.056924
2017-02-23,1.059306
2017-02-24,1.057544
2017-02-27,1.060333
2017-02-28,1.059183
2017-03-01,1.056261
2017-03-02,1.052253
2017-03-03,1.063773
2017-03-06,1.059909
2017-03-07,1.058285
2017-03-08,1.05572
2017-03-09,1.059303
2017-03-10,1.069055
2017-03-13,1.067039
2017-03-14,1.062161
2017-03-15,1.075178
2017-03-16,1.078338
2017-03-17,1.075574
2017-03-20,1.075788
2017-03-21,1.08291
2017-03-22,1.081492
2017-03-23,1.080105
2017-03-24,1.081531
2017-03-27,1.088005
2017-03-28,1.082971
2017-03-29,1.078109
2017-03-30,1.06882
2017-03-31,1.066635
2017-04-03,1.068428
2017-04-04,1.068917
2017-04-05,1.067727
2017-04-06,1.065811
2017-04-07,1.060551
2017-04-10,1.061099
2017-04-11,1.062092
2017-04-12,1.068
2017-04-13,1.06282
2017-04-14,1.063319
2017-04-17,1.065845
2017-04-18,1.074634
2017-04-19,1.072642
2017-04-20,1.073189
2017-04-21,1.074341
2017-04-24,1.088291
2017-04-25,1.094245
2017-04-26,1.092065
2017-04-27,1.088874
2017-04-28,1.091219
2017-05-01,1.091606
2017-05-02,1.094653
2017-05-03,1.09018
2017-05-04,1.100047
2017-05-05,1.101345
2017-05-08,1.094008
2017-05-09,1.088953
2017-05-10,1.088319
2017-05-11,1.087635
2017-05-12,1.094654
2017-05-15,1.099165
2017-05-16,1.109914
2017-05-17,1.117516
2017-05-18,1.11191
2017-05-19,1.122214
2017-05-22,1.125441
2017-05-23,1.119992
2017-05-24,1.12354
2017-05-25,1.122672
2017-05-26,1.119984
2017-05-29,1.11803
2017-05-30,1.120549
2017-05-31,1.126278
2017-06-01,1.12311
2017-06-02,1.129702
2017-06-05,1.127205
2017-06-06,1.129627
2017-06-07,1.127573
2017-06-08,1.123238
2017-06-09,1.121365
2017-06-12,1.122165
2017-06-13,1.123089
2017-06-14,1.123753
2017-06-15,1.116403
2017-06-16,1.121697
2017-06-19,1.116809
2017-06-20,1.115433
2017-06-21,1.118761
2017-06-22,1.117103
2017-06-23,1.121319
2017-06-26,1.120131
2017-06-27,1.135967
2017-06-28,1.139748
2017-06-29,1.145927
2017-06-30,1.144524
2017-07-03,1.138291
2017-07-04,1.136426
2017-07-05,1.137003
2017-07-06,1.144119
2017-07-07,1.141917
2017-07-10,1.141845
2017-07-11,1.148622
2017-07-12,1.143019
2017-07-13,1.141614
2017-07-14,1.148835
2017-07-17,1.149785
2017-07-18,1.157361
2017-07-19,1.153351
2017-07-20,1.164961
2017-07-21,1.168175
2017-07-24,1.166194
2017-07-25,1.166641
2017-07-26,1.175273
2017-07-27,1.16958
2017-07-28,1.176983
2017-07-31,1.186287
2017-08-01,1.182197
2017-08-02,1.18754
2017-08-03,1.188862
2017-08-04,1.179137
2017-08-07,1.181469
2017-08-08,1.177106
2017-08-09,1.177743
2017-08-10,1.179049
2017-08-11,1.183988
2017-08-14,1.180053
2017-08-15,1.175466
2017-08-16,1.178579
2017-08-17,1.174175
2017-08-18,1.177978
2017-08-21,1.183505
2017-08-22,1.178124
2017-08-23,1.182574
2017-08-24,1.181777
2017-08-25,1.194299
2017-08-28,1.199742
2017-08-29,1.198998
2017-08-30,1.190404
2017-08-31,1.192925
2017-09-01,1.187899
2017-09-04,1.191506
2017-09-05,1.193479
2017-09-06,1.193702
2017-09-07,1.204198
2017-09-08,1.205513
2017-09-11,1.197215
2017-09-12,1.198748
2017-09-13,1.190466
2017-09-14,1.193809
2017-09-15,1.196396
2017-09-18,1.197319
2017-09-19,1.201476
2017-09-20,1.191202
2017-09-21,1.196036
2017-09-22,1.19712
2017-09-25,1.186858
2017-09-26,1.181469
2017-09-27,1.176659
2017-09-28,1.180545
2017-09-29,1.183347
2017-10-02,1.17537
2017-10-03,1.176357
2017-10-04,1.177784
2017-10-05,1.17299
2017-10-06,1.174882
2017-10-09,1.176015
2017-10-10,1.182785
2017-10-11,1.187858
2017-10-12,1.18492
2017-10-13,1.1839
2017-10-16,1.181603
2017-10-17,1.178537
2017-10-18,1.180571
2017-10-19,1.187152
2017-10-20,1.180303
2017-10-23,1.176927
2017-10-24,1.178055
2017-10-25,1.183188
2017-10-26,1.166967
2017-10-27,1.162614
2017-10-30,1.166909
2017-10-31,1.166532
2017-11-01,1.163768
2017-11-02,1.167602
2017-11-03,1.16258
2017-11-06,1.162763
2017-11-07,1.160581
2017-11-08,1.161333
2017-11-09,1.165957
2017-11-10,1.168257
2017-11-13,1.168463
2017-11-14,1.181717
2017-11-15,1.180963
2017-11-16,1.178826
2017-11-17,1.180835
2017-11-20,1.175142
2017-11-21,1.175909
2017-11-22,1.184293
2017-11-23,1.187003
2017-11-24,1.195237
2017-11-27,1.191763
2017-11-28,1.185961
2017-11-29,1.187444
2017-11-30,1.193087
2017-12-01,1.192313
2017-12-04,1.18955
2017-12-05,1.185572
2017-12-06,1.182685
2017-12-07,1.180571
2017-12-08,1.180576
2017-12-11,1.180332
2017-12-12,1.177781
2017-12-13,1.186255
2017-12-14,1.18171
2017-12-15,1.17945
2017-12-18,1.182531
2017-12-19,1.187602
2017-12-20,1.190624
2017-12-21,1.19135
2017-12-22,1.190253
2017-12-25,1.191074
2017-12-26,1.18988
2017-12-27,1.192519
2017-12-28,1.196435
2017-12-29,1.202785
2018-01-01,1.203483
2018-01-02,1.208069
2018-01-03,1.203626
2018-01-04,1.208956
2018-01-05,1.205055
2018-01-08,1.19898
2018-01-09,1.195914
2018-01-10,1.196965
2018-01-11,1.205407
2018-01-12,1.22241
2018-01-15,1.228854
2018-01-16,1.228405
2018-01-17,1.22094
2018-01-18,1.226063
2018-01-19,1.224465
2018-01-22,1.228649
2018-01-23,1.232278
2018-01-24,1.243106
2018-01-25,1.241824
2018-01-26,1.244883
2018-01-29,1.240467
2018-01-30,1.242375
2018-01-31,1.243592
2018-02-01,1.253219
2018-02-02,1.248507
2018-02-05,1.238856
2018-02-06,1.239867
2018-02-07,1.228538
2018-02-08,1.226838
2018-02-09,1.227396
2018-02-12,1.231367
2018-02-13,1.237342
2018-02-14,1.247265
2018-02-15,1.252802
2018-02-16,1.242789
2018-02-19,1.242883
2018-02-20,1.235867
2018-02-21,1.230578
2018-02-22,1.235197
2018-02-23,1.231715
2018-02-26,1.234066
2018-02-27,1.226367
2018-02-28,1.22245
2018-03-01,1.229793
2018-03-02,1.234859
2018-03-05,1.236923
2018-03-06,1.24367
2018-03-07,1.244334
2018-03-08,1.234399
2018-03-09,1.233918
2018-03-12,1.23681
2018-03-13,1.242429
2018-03-14,1.240215
2018-03-15,1.233954
2018-03-16,1.232255
2018-03-19,1.236927
2018-03-20,1.22747
2018-03-21,1.236765
2018-03-22,1.233183
2018-03-23,1.238317
2018-03-26,1.247533
2018-03-27,1.243244
2018-03-28,1.233409
2018-03-29,1.232633
2018-03-30,1.23503
2018-04-02,1.232824
2018-04-03,1.229815
2018-04-04,1.230588
2018-04-05,1.22665
2018-04-06,1.230717
2018-04-09,1.234685
2018-04-10,1.238354
2018-04-11,1.23937
2018-04-12,1.235344
2018-04-13,1.235743
2018-04-16,1.240626
2018-04-17,1.239746
2018-04-18,1.240043
2018-04-19,1.237074
2018-04-20,1.231394
2018-04-23,1.223513
2018-04-24,1.226137
2018-04-25,1.218808
2018-04-26,1.212946
2018-04-27,1.215832
2018-04-30,1.210556
2018-05-01,1.202023
2018-05-02,1.197651
2018-05-03,1.201324
2018-05-04,1.198515
2018-05-07,1.194884
2018-05-08,1.188974
2018-05-09,1.187582
2018-05-10,1.193999
2018-05-11,1.196801
2018-05-14,1.195372
2018-05-15,1.186424
2018-05-16,1.183328
2018-05-17,1.182022
2018-05-18,1.179735
2018-05-21,1.18185
2018-05-22,1.180557
2018-05-23,1.172248
2018-05-24,1.174567
2018-05-25,1.167678
2018-05-28,1.164983
2018-05-29,1.156396
2018-05-30,1.169341
2018-05-31,1.172155
2018-06-01,1.168651
2018-06-04,1.172644
2018-06-05,1.174705
2018-06-06,1.180269
2018-06-07,1.182844
2018-06-08,1.179764
2018-06-11,1.181243
2018-06-12,1.177466
2018-06-13,1.181943
2018-06-14,1.15943
2018-06-15,1.163592
2018-06-18,1.164986
2018-06-19,1.161805
2018-06-20,1.159835
2018-06-21,1.163
2018-06-22,1.16775
2018-06-25,1.17304
2018-06-26,1.167587
2018-06-27,1.158167
2018-06-28,1.159529
2018-06-29,1.171017
2018-07-02,1.166573
2018-07-03,1.16846
2018-07-04,1.168282
2018-07-05,1.171696
2018-07-06,1.177237
2018-07-09,1.177939
2018-07-10,1.177097
2018-07-11,1.169977
2018-07-12,1.169779
2018-07-13,1.171085
2018-07-16,1.173876
2018-07-17,1.168803
2018-07-18,1.166506
2018-07-19,1.166782
2018-07-20,1.175001
2018-07-23,1.171979
2018-07-24,1.171391
2018-07-25,1.175492
2018-07-26,1.166883
2018-07-27,1.168301
2018-07-30,1.17349
2018-07-31,1.171876
2018-08-01,1.168663
2018-08-02,1.161063
2018-08-03,1.159358
2018-08-06,1.158113
2018-08-07,1.162547
2018-08-08,1.163565
2018-08-09,1.155233
2018-08-10,1.143846
2018-08-13,1.143699
2018-08-14,1.136999
2018-08-15,1.137008
2018-08-16,1.140201
2018-08-17,1.146313
2018-08-20,1.150878
2018-08-21,1.159713
2018-08-22,1.162226
2018-08-23,1.156513
2018-08-24,1.164749
2018-08-27,1.170285
2018-08-28,1.171885
2018-08-29,1.173011
2018-08-30,1.169702
2018-08-31,1.162783
2018-09-03,1.1645
2018-09-04,1.161072
2018-09-05,1.165813
2018-09-06,1.16492
2018-09-07,1.157906
2018-09-10,1.162012
2018-09-11,1.163411
2018-09-12,1.16534
2018-09-13,1.171697
2018-09-14,1.165188
2018-09-17,1.170987
2018-09-18,1.169593
2018-09-19,1.170118
2018-09-20,1.180444
2018-09-21,1.177654
2018-09-24,1.177558
2018-09-25,1.179651
2018-09-26,1.176955
2018-09-27,1.166929
2018-09-28,1.163208
2018-10-01,1.160751
2018-10-02,1.157649
2018-10-03,1.150534
2018-10-04,1.154153
2018-10-05,1.155154
2018-10-08,1.15224
2018-10-09,1.152065
2018-10-10,1.15488
2018-10-11,1.162103
2018-10-12,1.158805
2018-10-15,1.160871
2018-10-16,1.16026
2018-10-17,1.152866
2018-10-18,1.148143
2018-10-19,1.154175
2018-10-22,1.149331
2018-10-23,1.149936
2018-10-24,1.141938
2018-10-25,1.140247
2018-10-26,1.143055
2018-10-29,1.139958
2018-10-30,1.137312
2018-10-31,1.1339
2018-11-01,1.143413
2018-11-02,1.141411
2018-11-05,1.143325
2018-11-06,1.145508
2018-11-07,1.145329
2018-11-08,1.138924
2018-11-09,1.136224
2018-11-12,1.124397
2018-11-13,1.131768
2018-11-14,1.133682
2018-11-15,1.135401
2018-11-16,1.144103
2018-11-19,1.148001
2018-11-20,1.139706
2018-11-21,1.141106
2018-11-22,1.143029
2018-11-23,1.136338
2018-11-26,1.135435
2018-11-27,1.131756
2018-11-28,1.13939
2018-11-29,1.14271
2018-11-30,1.135355
2018-12-03,1.139366
2018-12-04,1.138101
2018-12-05,1.138028
2018-12-06,1.141049
2018-12-07,1.14153
2018-12-10,1.139534
2018-12-11,1.135423
2018-12-12,1.140446
2018-12-13,1.139519
2018-12-14,1.134093
2018-12-17,1.13852
2018-12-18,1.13972
2018-12-19,1.141231
2018-12-20,1.14795
2018-12-21,1.140558
2018-12-24,1.143868
2018-12-25,1.142475
2018-12-26,1.138545
2018-12-27,1.146101
2018-12-28,1.147547
2018-12-31,1.149747
2019-01-01,1.149549
2019-01-02,1.137312
2019-01-03,1.142348
2019-01-04,1.142451
2019-01-07,1.150572
2019-01-08,1.147137
2019-01-09,1.15725
2019-01-10,1.15296
2019-01-11,1.149864
2019-01-14,1.150181
2019-01-15,1.144483
2019-01-16,1.14227
2019-01-17,1.141867
2019-01-18,1.139256
2019-01-21,1.139651
2019-01-22,1.139078
2019-01-23,1.14107
2019-01-24,1.133341
2019-01-25,1.143471
2019-01-28,1.145585
2019-01-29,1.145991
2019-01-30,1.150704
2019-01-31,1.147501
2019-02-01,1.148304
2019-02-04,1.146485
2019-02-05,1.14327
2019-02-06,1.13885
2019-02-07,1.136735
2019-02-08,1.134932
2019-02-11,1.130222
2019-02-12,1.135235
2019-02-13,1.128717
2019-02-14,1.132111
2019-02-15,1.132206
2019-02-18,1.13371
2019-02-19,1.136714
2019-02-20,1.136401
2019-02-21,1.136192
2019-02-22,1.13611
2019-02-25,1.138426
2019-02-26,1.141626
2019-02-27,1.13995
2019-02-28,1.140074
2019-03-01,1.13946
2019-03-04,1.13713
2019-03-05,1.133825
2019-03-06,1.133628
2019-03-07,1.122219
2019-03-08,1.12645
2019-03-11,1.127644
2019-03-12,1.131847
2019-03-13,1.135665
2019-03-14,1.133369
2019-03-15,1.135957
2019-03-18,1.136984
2019-03-19,1.138382
2019-03-20,1.144435
2019-03-21,1.140451
2019-03-22,1.133223
2019-03-25,1.134424
2019-03-26,1.129755
2019-03-27,1.127486
2019-03-28,1.125043
2019-03-29,1.124645
2019-04-01,1.124141
2019-04-02,1.123423
2019-04-03,1.126225
2019-04-04,1.124929
2019-04-05,1.124434
2019-04-08,1.129185
2019-04-09,1.12937
2019-04-10,1.13035
2019-04-11,1.128142
2019-04-12,1.132773
2019-04-15,1.133285
2019-04-16,1.13116
2019-04-17,1.132485
2019-04-18,1.125885
2019-04-19,1.12739
2019-04-22,1.128593
2019-04-23,1.125873
2019-04-24,1.118535
2019-04-25,1.116047
2019-04-26,1.11807
2019-04-29,1.121677
2019-04-30,1.12451
2019-05-01,1.122607
2019-05-02,1.120155
2019-05-03,1.122747
2019-05-06,1.123012
2019-05-07,1.122068
2019-05-08,1.122066
2019-05-09,1.12437
2019-05-10,1.126172
2019-05-13,1.125269
2019-05-14,1.123377
2019-05-15,1.12298
2019-05-16,1.12027
2019-05-17,1.11867
2019-05-20,1.11965
2019-05-21,1.11906
2019-05-22,1.117865
2019-05-23,1.120981
2019-05-24,1.12319
2019-05-27,1.122197
2019-05-28,1.1187
2019-05-29,1.115675
2019-05-30,1.115759
2019-05-31,1.11985
2019-06-03,1.126935
2019-06-04,1.128225
2019-06-05,1.124995
2019-06-06,1.130408
2019-06-07,1.136246
2019-06-10,1.134063
2019-06-11,1.13564
2019-06-12,1.13163
2019-06-13,1.13045
2019-06-14,1.123641
2019-06-17,1.124648
2019-06-18,1.122389
2019-06-19,1.125517
2019-06-20,1.132124
2019-06-21,1.139762
2019-06-24,1.142755
2019-06-25,1.139758
2019-06-26,1.140072
2019-06-27,1.13982
2019-06-28,1.140229
2019-07-01,1.13169
2019-07-02,1.1314
2019-07-03,1.130683
2019-07-04,1.13135
2019-07-05,1.125386
2019-07-08,1.1245
2019-07-09,1.123757
2019-07-10,1.127945
2019-07-11,1.12824
2019-07-12,1.129837
2019-07-15,1.128813
2019-07-16,1.124016
2019-07-17,1.12523
2019-07-18,1.130455
2019-07-19,1.124881
2019-07-22,1.123861
2019-07-23,1.118047
2019-07-24,1.116755
2019-07-25,1.117411
2019-07-26,1.115509
2019-07-29,1.117146
2019-07-30,1.118417
2019-07-31,1.110425
2019-08-01,1.11119
2019-08-02,1.113488
2019-08-05,1.123164
2019-08-06,1.122647
2019-08-07,1.12252
2019-08-08,1.120627
2019-08-09,1.122645
2019-08-12,1.124247
2019-08-13,1.119878
2019-08-14,1.116567
2019-08-15,1.113349
2019-08-16,1.111633
2019-08-19,1.110555
2019-08-20,1.112639
2019-08-21,1.111062
2019-08-22,1.110582
2019-08-23,1.117009
2019-08-26,1.112976
2019-08-27,1.11166
2019-08-28,1.110378
2019-08-29,1.108301
2019-08-30,1.10081
2019-09-02,1.099614
2019-09-03,1.100176
2019-09-04,1.10621
2019-09-05,1.1061
2019-09-06,1.105503
2019-09-09,1.107433
2019-09-10,1.107175
2019-09-11,1.103734
2019-09-12,1.10904
2019-09-13,1.109801
2019-09-16,1.102711
2019-09-17,1.110056
2019-09-18,1.1057
2019-09-19,1.106732
2019-09-20,1.104163
2019-09-23,1.101799
2019-09-24,1.104815
2019-09-25,1.096961
2019-09-26,1.09472
2019-09-27,1.096497
2019-09-30,1.092607
2019-10-01,1.095903
2019-10-02,1.098382
2019-10-03,1.098995
2019-10-04,1.100365
2019-10-07,1.099705
2019-10-08,1.098245
2019-10-09,1.099584
2019-10-10,1.102921
2019-10-11,1.106572
2019-10-14,1.105192
2019-10-15,1.105744
2019-10-16,1.109584
2019-10-17,1.114848
2019-10-18,1.119052
2019-10-21,1.117497
2019-10-22,1.114896
2019-10-23,1.115305
2019-10-24,1.112753
2019-10-25,1.110294
2019-10-28,1.112217
2019-10-29,1.113316
2019-10-30,1.117323
2019-10-31,1.117363
2019-11-01,1.11875
2019-11-04,1.114926
2019-11-05,1.109735
2019-11-06,1.108774
2019-11-07,1.107096
2019-11-08,1.103878
2019-11-11,1.105372
2019-11-12,1.103108
2019-11-13,1.102828
2019-11-14,1.104248
2019-11-15,1.107139
2019-11-18,1.109234
2019-11-19,1.109957
2019-11-20,1.109376
2019-11-21,1.10804
2019-11-22,1.104177
2019-11-25,1.103421
2019-11-26,1.104258
2019-11-27,1.102074
2019-11-28,1.103619
2019-11-29,1.104569
2019-12-02,1.11083
2019-12-03,1.11099
2019-12-04,1.110413
2019-12-05,1.113013
2019-12-06,1.108639
2019-12-09,1.109243
2019-12-10,1.112057
2019-12-11,1.11584
2019-12-12,1.115746
2019-12-13,1.114775
2019-12-16,1.117347
2019-12-17,1.117894
2019-12-18,1.114214
2019-12-19,1.114834
2019-12-20,1.110575
2019-12-23,1.111638
2019-12-24,1.111713
2019-12-25,1.11211
2019-12-26,1.1126
2019-12-27,1.120109
2019-12-30,1.122115
2019-12-31,1.123462
